-- Currencies
INSERT INTO currencies (id, name, abbrevation) VALUES
                                                   ('9bdc18e7-8173-4191-8f61-f3451c5e6759', 'Swedish Krona', 'SEK'),
                                                   ('9fa9391c-b25a-4933-8c58-e9c7c77f3620', 'Euro', 'EUR');

-- Users
INSERT INTO users (id, password, first_name, last_name, email, phone_number, role, status, created_at, last_login) VALUES
                                                                                                                       ('user_2yMZ4k4VMcQ4C3Yowv3JfXg0mOd', '123', 'Aki', 'Ström', 'aki.strom@appliedtechnology.se', '0700000000', 'USER', 'ACTIVE', '2025-06-12 08:42:57', '2025-06-12 08:42:57'),
                                                                                                                       ('user_2yJpkDpb1EaHO7sAK8GVzXoQ3Hf', '123', 'Nikita', 'Biden', 'nikita.egelrud@appliedtechnology.se', '0700000001', 'USER', 'ACTIVE', '2025-06-12 08:42:57', '2025-06-12 08:42:57'),
                                                                                                                       ('user_2ya9D2bPCC3XYyGsklZRQPPBeb9', '123', 'Elias', 'User', 'elias@novabank.se', '0700000002', 'USER', 'ACTIVE', '2025-06-12 08:42:57', '2025-06-12 08:42:57'),
                                                                                                                       ('user_2yMYqxXhoEDq64tfBlelGADfdlp', '123', 'Amanda', 'User', 'amanda@novabank.se', '0700000002', 'USER', 'ACTIVE', '2025-06-12 08:42:57', '2025-06-12 08:42:57'),
                                                                                                                       ('user_2fMYqxXhoEDq64tfBlelGADfdlp', '123', 'Admin', 'Adminson', 'admin@novabank.se', '0700000002', 'USER', 'ACTIVE', '2025-06-12 08:42:57', '2025-06-12 08:42:57'),


                                                                                                                       ('user_2yMYqxXhoEDq54tfBlelGADfdlp', '123', 'demo-inactive1', 'User', 'demo@novabank1.se', '0701000402', 'USER', 'CLOSED', '2025-06-12 08:42:57', '2025-06-12 08:42:57'),
                                                                                                                       ('user_2yMYqxXhyEDq54tfBlelGADfdlp', '123', 'demo-inactive2', 'User', 'demo@novabank2.se', '0702000402', 'USER', 'CLOSED', '2025-06-12 08:42:57', '2025-06-12 08:42:57'),
                                                                                                                       ('user_2yMYqxXhtEDq54tfBlelGADfdlp', '123', 'demo-inactive3', 'User', 'demo@novabank3.se', '0703000402', 'USER', 'CLOSED', '2025-06-12 08:42:57', '2025-06-12 08:42:57');


-- Accounts
INSERT INTO accounts (id, user_id, currency_id, created_at, balance, type, status, account_number) VALUES
                                                                                                       ('c1b35a93-9671-43c1-a0fe-aa4c2e9d2aec', 'user_2yMZ4k4VMcQ4C3Yowv3JfXg0mOd', '9bdc18e7-8173-4191-8f61-f3451c5e6759', '2025-06-12', 9370.00, 'PERSONAL', 'ACTIVE', 'SE1234567890'),
                                                                                                       ('3587b71d-5845-4ba3-b667-e556bdf845be', 'user_2yJpkDpb1EaHO7sAK8GVzXoQ3Hf', '9fa9391c-b25a-4933-8c58-e9c7c77f3620', '2025-06-12', 1763.50, 'SAVINGS', 'ACTIVE', 'SE2345678901'),
                                                                                                       ('7915a5bd-ddcc-4a40-8343-dee3a2188cf0', 'user_2ya9D2bPCC3XYyGsklZRQPPBeb9', '9bdc18e7-8173-4191-8f61-f3451c5e6759', '2025-06-12', 7459.75, 'PERSONAL', 'ACTIVE', 'SE3456789012'),
                                                                                                       ('67d254c1-1532-4cf4-8d4f-55ef8fe12717', 'user_2yMYqxXhoEDq64tfBlelGADfdlp', '9fa9391c-b25a-4933-8c58-e9c7c77f3620', '2025-06-12', 25000.00, 'PERSONAL', 'ACTIVE', 'SE4567890123');


INSERT INTO transactions (id, from_account_id, to_account_id, recipient_number, type, created_at, amount, description, user_note, ocr_number) VALUES
                                                                                                                                                  ('00000000-0000-0000-0000-000000000101', 'c1b35a93-9671-43c1-a0fe-aa4c2e9d2aec', '3587b71d-5845-4ba3-b667-e556bdf845be', 'SE2345678901', 'INTERNAL_TRANSFER', '2025-06-12 08:00:01', 100.00, 'Test transaction 1', 'Note 1', 'OCR00101'),
                                                                                                                                                  ('00000000-0000-0000-0000-000000000102', 'c1b35a93-9671-43c1-a0fe-aa4c2e9d2aec', '3587b71d-5845-4ba3-b667-e556bdf845be', 'SE2345678901', 'INTERNAL_TRANSFER', '2025-06-12 08:10:01', 101.00, 'Test transaction 2', 'Note 2', 'OCR00102'),
                                                                                                                                                  ('00000000-0000-0000-0000-000000000103', 'c1b35a93-9671-43c1-a0fe-aa4c2e9d2aec', '3587b71d-5845-4ba3-b667-e556bdf845be', 'SE2345678901', 'INTERNAL_TRANSFER', '2025-06-12 08:20:01', 102.00, 'Test transaction 3', 'Note 3', 'OCR00103'),
                                                                                                                                                  ('f577ca18-f42b-46e0-853e-823f77c51d28', '3587b71d-5845-4ba3-b667-e556bdf845be', '7915a5bd-ddcc-4a40-8343-dee3a2188cf0', 'SE8287592604', 'PLUSGIRO', '2025-03-20 22:02:33', 619.91, 'Online purchase', 'ICA groceries', 'OCR00004'),
                                                                                                                                                  ('d22a5167-5d00-4816-91f3-ccc6e0675ce3', '7915a5bd-ddcc-4a40-8343-dee3a2188cf0', '67d254c1-1532-4cf4-8d4f-55ef8fe12717', 'SE4153256215', 'INTERNAL_TRANSFER', '2025-06-07 15:09:22', 673.32, 'Invoice payment', 'Train ticket', 'OCR00005'),
                                                                                                                                                  ('2f2a6fe2-8aa4-4ea2-ba4f-d1a70d43c7da', 'c1b35a93-9671-43c1-a0fe-aa4c2e9d2aec', '3587b71d-5845-4ba3-b667-e556bdf845be', 'SE2433426957', 'BANKGIRO', '2025-04-26 13:05:24', 765.35, 'Subscription fee', 'ICA groceries', 'OCR00006'),
                                                                                                                                                  ('fdbec479-454b-4b7d-a462-62f73afaec81', 'c1b35a93-9671-43c1-a0fe-aa4c2e9d2aec', '3587b71d-5845-4ba3-b667-e556bdf845be', 'SE6929594264', 'BANKGIRO', '2025-05-04 12:17:19', 437.32, 'Refund', 'Electricity bill', 'OCR00007'),
                                                                                                                                                  ('256798a1-7897-4a5d-a5a1-4d65539c18c5', '67d254c1-1532-4cf4-8d4f-55ef8fe12717', '7915a5bd-ddcc-4a40-8343-dee3a2188cf0', 'SE5020224455', 'PLUSGIRO', '2025-02-18 13:10:36', 263.03, 'Travel expense', 'Repayment #001', 'OCR00008'),
                                                                                                                                                  ('ad7794b9-50d3-4f7e-b1bd-9e6c508e92d8', '7915a5bd-ddcc-4a40-8343-dee3a2188cf0', '67d254c1-1532-4cf4-8d4f-55ef8fe12717', 'SE1485707394', 'INTERNAL_TRANSFER', '2025-03-23 08:31:48', 529.74, 'Online purchase', 'Electricity bill', 'OCR00009'),
                                                                                                                                                  ('8c4c7e6c-5c5c-40eb-95d3-42b2d2442063', '3587b71d-5845-4ba3-b667-e556bdf845be', 'c1b35a93-9671-43c1-a0fe-aa4c2e9d2aec', 'SE8566906577', 'PLUSGIRO', '2025-01-24 08:41:29', 546.93, 'Travel expense', 'ICA groceries', 'OCR00010'),
                                                                                                                                                  ('0f46e6d9-d9db-4c22-ad74-d5ea5b8937e5', '7915a5bd-ddcc-4a40-8343-dee3a2188cf0', '3587b71d-5845-4ba3-b667-e556bdf845be', 'SE8810921376', 'PLUSGIRO', '2025-01-11 14:16:47', 357.66, 'Loan repayment', 'Electricity bill', 'OCR00011'),
                                                                                                                                                  ('86a19ef4-5cdf-4398-a49a-016ace78ab48', '3587b71d-5845-4ba3-b667-e556bdf845be', 'c1b35a93-9671-43c1-a0fe-aa4c2e9d2aec', 'SE2840009953', 'PLUSGIRO', '2025-02-22 18:54:52', 993.39, 'Utilities payment', 'Refund from store', 'OCR00012'),
                                                                                                                                                  ('0fb6bed7-5a41-448a-982d-702b394fc08d', '3587b71d-5845-4ba3-b667-e556bdf845be', '7915a5bd-ddcc-4a40-8343-dee3a2188cf0', 'SE1085425378', 'PLUSGIRO', '2025-03-24 03:09:08', 443.63, 'Subscription fee', 'Amazon order', 'OCR00013'),
                                                                                                                                                  ('3c56f262-3717-424c-b66d-bc17b1f6295e', '7915a5bd-ddcc-4a40-8343-dee3a2188cf0', '3587b71d-5845-4ba3-b667-e556bdf845be', 'SE2564103253', 'INTERNAL_TRANSFER', '2025-04-10 23:41:35', 94.53, 'Online purchase', 'Electricity bill', 'OCR00014'),
                                                                                                                                                  ('09c60d86-4885-40e5-acbb-aa241d11c3e0', 'c1b35a93-9671-43c1-a0fe-aa4c2e9d2aec', '3587b71d-5845-4ba3-b667-e556bdf845be', 'SE2018467365', 'INTERNAL_TRANSFER', '2025-04-16 21:25:10', 415.45, 'Groceries', 'Repayment #001', 'OCR00015'),
                                                                                                                                                  ('27a6dfc0-5d09-452d-8282-92ac2ffcfbc1', 'c1b35a93-9671-43c1-a0fe-aa4c2e9d2aec', '3587b71d-5845-4ba3-b667-e556bdf845be', 'SE6885652586', 'PLUSGIRO', '2025-03-09 00:49:55', 140.19, 'Monthly rent', 'Amazon order', 'OCR00016'),
                                                                                                                                                  ('14c25c4b-da26-4fa5-8161-7bfd23b7e5ce', '67d254c1-1532-4cf4-8d4f-55ef8fe12717', '7915a5bd-ddcc-4a40-8343-dee3a2188cf0', 'SE2226966051', 'INTERNAL_TRANSFER', '2025-02-02 22:12:20', 98.06, 'Groceries', 'Refund from store', 'OCR00017'),
                                                                                                                                                  ('08056d58-8b64-4138-b934-2e93e497b45a', '67d254c1-1532-4cf4-8d4f-55ef8fe12717', '7915a5bd-ddcc-4a40-8343-dee3a2188cf0', 'SE3402773707', 'BANKGIRO', '2025-01-15 19:49:15', 802.07, 'Monthly rent', 'Refund from store', 'OCR00018'),
                                                                                                                                                  ('0bc9de4e-5224-4f48-8446-2254f1ca79f5', '7915a5bd-ddcc-4a40-8343-dee3a2188cf0', '67d254c1-1532-4cf4-8d4f-55ef8fe12717', 'SE1895389002', 'PLUSGIRO', '2025-03-23 04:32:57', 514.01, 'Utilities payment', 'Rent Jan 2025', 'OCR00019'),
                                                                                                                                                  ('27921d53-5f59-4d82-8fe6-61d4424f91ca', '7915a5bd-ddcc-4a40-8343-dee3a2188cf0', '67d254c1-1532-4cf4-8d4f-55ef8fe12717', 'SE1433411456', 'INTERNAL_TRANSFER', '2025-04-22 05:18:33', 221.82, 'Loan repayment', 'ICA groceries', 'OCR00020'),
                                                                                                                                                  ('12b3c0ed-f01e-475a-a49e-84a5f0c093cf', '67d254c1-1532-4cf4-8d4f-55ef8fe12717', '7915a5bd-ddcc-4a40-8343-dee3a2188cf0', 'SE8498433732', 'BANKGIRO', '2025-05-15 08:44:01', 126.06, 'Travel expense', 'ICA groceries', 'OCR00021'),
                                                                                                                                                  ('66e42d80-6f67-4533-b63b-b561d64e6542', '67d254c1-1532-4cf4-8d4f-55ef8fe12717', '7915a5bd-ddcc-4a40-8343-dee3a2188cf0', 'SE1718934921', 'BANKGIRO', '2025-05-07 14:58:02', 288.23, 'Travel expense', 'Train ticket', 'OCR00022'),
                                                                                                                                                  ('7a2c65a2-fa7e-47db-9f50-c1a5b0c34d52', '7915a5bd-ddcc-4a40-8343-dee3a2188cf0', '67d254c1-1532-4cf4-8d4f-55ef8fe12717', 'SE4280482622', 'BANKGIRO', '2025-03-17 01:04:53', 333.08, 'Online purchase', 'Invoice #12345', 'OCR00023'),
                                                                                                                                                  ('2fb932e9-1950-4761-85f6-4f2b80a7eb22', '67d254c1-1532-4cf4-8d4f-55ef8fe12717', '7915a5bd-ddcc-4a40-8343-dee3a2188cf0', 'SE9333484868', 'BANKGIRO', '2025-02-08 19:37:33', 851.13, 'Groceries', 'Amazon order', 'OCR00024'),
                                                                                                                                                  ('9137d494-690b-4d89-adb4-4d38436f19d6', '67d254c1-1532-4cf4-8d4f-55ef8fe12717', '7915a5bd-ddcc-4a40-8343-dee3a2188cf0', 'SE7738372166', 'PLUSGIRO', '2025-02-23 14:39:00', 252.3, 'Salary', 'Repayment #001', 'OCR00025'),
                                                                                                                                                  ('0aa8c941-c74e-48af-9396-aeb769c9de43', '67d254c1-1532-4cf4-8d4f-55ef8fe12717', '7915a5bd-ddcc-4a40-8343-dee3a2188cf0', 'SE3794110432', 'INTERNAL_TRANSFER', '2025-03-24 00:38:55', 491.01, 'Loan repayment', 'Salary Jan', 'OCR00026'),
                                                                                                                                                  ('8acec871-c24e-437c-a224-936f03e4f222', '67d254c1-1532-4cf4-8d4f-55ef8fe12717', '7915a5bd-ddcc-4a40-8343-dee3a2188cf0', 'SE8510755215', 'PLUSGIRO', '2025-02-03 09:32:20', 366.06, 'Monthly rent', 'ICA groceries', 'OCR00027'),
                                                                                                                                                  ('18077d24-2052-418e-b648-39c883587e49', 'c1b35a93-9671-43c1-a0fe-aa4c2e9d2aec', '3587b71d-5845-4ba3-b667-e556bdf845be', 'SE3289065741', 'BANKGIRO', '2025-02-19 12:45:02', 146.29, 'Invoice payment', 'Electricity bill', 'OCR00028'),
                                                                                                                                                  ('a13d9967-64a3-4495-ae4f-9015e45cfe3e', '3587b71d-5845-4ba3-b667-e556bdf845be', 'c1b35a93-9671-43c1-a0fe-aa4c2e9d2aec', 'SE6550659207', 'BANKGIRO', '2025-05-03 18:32:57', 825.0, 'Groceries', 'Invoice #12345', 'OCR00029'),
                                                                                                                                                  ('ae0c4862-b39a-4d91-8438-9c8c596a4da9', '67d254c1-1532-4cf4-8d4f-55ef8fe12717', '7915a5bd-ddcc-4a40-8343-dee3a2188cf0', 'SE4141554369', 'INTERNAL_TRANSFER', '2025-03-22 21:36:44', 326.0, 'Subscription fee', 'Spotify Premium', 'OCR00030'),
                                                                                                                                                  ('78b4455c-3135-41fc-a1e0-57bc26e55421', '3587b71d-5845-4ba3-b667-e556bdf845be', 'c1b35a93-9671-43c1-a0fe-aa4c2e9d2aec', 'SE8649933675', 'INTERNAL_TRANSFER', '2025-01-13 00:03:36', 635.18, 'Monthly rent', 'Electricity bill', 'OCR00031'),
                                                                                                                                                  ('660b87ab-20cc-475d-9057-77bf08bdb697', '67d254c1-1532-4cf4-8d4f-55ef8fe12717', '7915a5bd-ddcc-4a40-8343-dee3a2188cf0', 'SE4404215481', 'PLUSGIRO', '2025-04-26 01:04:53', 955.64, 'Loan repayment', 'Spotify Premium', 'OCR00032'),
                                                                                                                                                  ('22fe5964-e3e3-4d11-ba94-799d940026f8', 'c1b35a93-9671-43c1-a0fe-aa4c2e9d2aec', '3587b71d-5845-4ba3-b667-e556bdf845be', 'SE4985878460', 'INTERNAL_TRANSFER', '2025-06-13 08:00:20', 374.08, 'Monthly rent', 'ICA groceries', 'OCR00033'),
                                                                                                                                                  ('70827b2e-6801-44aa-97d1-f3018eb0c67f', '3587b71d-5845-4ba3-b667-e556bdf845be', 'c1b35a93-9671-43c1-a0fe-aa4c2e9d2aec', 'SE5057942974', 'INTERNAL_TRANSFER', '2025-03-04 19:51:37', 285.55, 'Invoice payment', 'Spotify Premium', 'OCR00034'),
                                                                                                                                                  ('c67eeba6-905c-4dab-a75e-217439694567', '3587b71d-5845-4ba3-b667-e556bdf845be', 'c1b35a93-9671-43c1-a0fe-aa4c2e9d2aec', 'SE5131094803', 'INTERNAL_TRANSFER', '2025-03-05 18:22:48', 182.81, 'Subscription fee', 'ICA groceries', 'OCR00035'),
                                                                                                                                                  ('664b9289-828d-4a41-bd3a-5a4f82a7e160', '7915a5bd-ddcc-4a40-8343-dee3a2188cf0', '67d254c1-1532-4cf4-8d4f-55ef8fe12717', 'SE6638059698', 'PLUSGIRO', '2025-01-07 01:12:17', 127.2, 'Invoice payment', 'Rent Jan 2025', 'OCR00036'),
                                                                                                                                                  ('9fe3ed0f-27aa-49b4-b9ec-bb593894bde5', '7915a5bd-ddcc-4a40-8343-dee3a2188cf0', '67d254c1-1532-4cf4-8d4f-55ef8fe12717', 'SE5851867451', 'INTERNAL_TRANSFER', '2025-02-25 08:27:05', 762.52, 'Utilities payment', 'Electricity bill', 'OCR00037'),
                                                                                                                                                  ('088998a4-accf-49e5-8476-f083a7c8d87d', '3587b71d-5845-4ba3-b667-e556bdf845be', '7915a5bd-ddcc-4a40-8343-dee3a2188cf0', 'SE9959708687', 'PLUSGIRO', '2025-01-26 22:56:07', 725.7, 'Utilities payment', 'Train ticket', 'OCR00038'),
                                                                                                                                                  ('d043c237-ff72-4959-8913-cc2753eb428e', '67d254c1-1532-4cf4-8d4f-55ef8fe12717', '7915a5bd-ddcc-4a40-8343-dee3a2188cf0', 'SE7605091920', 'PLUSGIRO', '2025-01-25 03:21:11', 669.03, 'Monthly rent', 'Repayment #001', 'OCR00039'),
                                                                                                                                                  ('c09e49f9-7466-4a1e-99aa-25134cead1f0', 'c1b35a93-9671-43c1-a0fe-aa4c2e9d2aec', '3587b71d-5845-4ba3-b667-e556bdf845be', 'SE5225505319', 'PLUSGIRO', '2025-06-01 05:32:46', 136.78, 'Loan repayment', 'Invoice #12345', 'OCR00040'),
                                                                                                                                                  ('7fa038b7-cd04-42c5-b056-b27f1b418e5c', 'c1b35a93-9671-43c1-a0fe-aa4c2e9d2aec', '3587b71d-5845-4ba3-b667-e556bdf845be', 'SE2988933096', 'BANKGIRO', '2025-03-04 06:10:14', 488.6, 'Groceries', 'Rent Jan 2025', 'OCR00041'),
                                                                                                                                                  ('b2b6f85f-0a54-4c92-b15d-4b86e301d7db', '67d254c1-1532-4cf4-8d4f-55ef8fe12717', '7915a5bd-ddcc-4a40-8343-dee3a2188cf0', 'SE9917633737', 'INTERNAL_TRANSFER', '2025-01-20 03:01:50', 986.2, 'Salary', 'Spotify Premium', 'OCR00042'),
                                                                                                                                                  ('e8a295c5-90ab-47f5-b148-81aabe3c0a4d', '7915a5bd-ddcc-4a40-8343-dee3a2188cf0', '3587b71d-5845-4ba3-b667-e556bdf845be', 'SE4788785895', 'PLUSGIRO', '2025-04-26 12:42:40', 580.72, 'Invoice payment', 'Invoice #12345', 'OCR00043'),
                                                                                                                                                  ('fcc717c1-936c-4eaf-a4ff-a0a92a35f501', '7915a5bd-ddcc-4a40-8343-dee3a2188cf0', '3587b71d-5845-4ba3-b667-e556bdf845be', 'SE7439523067', 'PLUSGIRO', '2025-02-28 19:59:00', 738.95, 'Refund', 'Salary Jan', 'OCR00044'),
                                                                                                                                                  ('ae192d2f-b69c-49e2-9a4c-2af30c9a8e71', '3587b71d-5845-4ba3-b667-e556bdf845be', '7915a5bd-ddcc-4a40-8343-dee3a2188cf0', 'SE2688555804', 'PLUSGIRO', '2025-03-26 07:39:25', 446.52, 'Utilities payment', 'Train ticket', 'OCR00045'),
                                                                                                                                                  ('210c9a62-8c08-4044-8cfc-fe43846318e4', '67d254c1-1532-4cf4-8d4f-55ef8fe12717', '7915a5bd-ddcc-4a40-8343-dee3a2188cf0', 'SE7870477748', 'BANKGIRO', '2025-05-20 21:31:55', 707.66, 'Subscription fee', 'Refund from store', 'OCR00046'),
                                                                                                                                                  ('33056174-ee43-4e2e-923c-89f8f8dc494c', '3587b71d-5845-4ba3-b667-e556bdf845be', '7915a5bd-ddcc-4a40-8343-dee3a2188cf0', 'SE3599620709', 'INTERNAL_TRANSFER', '2025-05-30 09:31:30', 580.99, 'Monthly rent', 'Refund from store', 'OCR00047'),
                                                                                                                                                  ('4ebb7403-2cd8-4e45-b325-4aa58311ddf8', '7915a5bd-ddcc-4a40-8343-dee3a2188cf0', '3587b71d-5845-4ba3-b667-e556bdf845be', 'SE4386362808', 'INTERNAL_TRANSFER', '2025-05-01 21:02:06', 314.38, 'Salary', 'Rent Jan 2025', 'OCR00048'),
                                                                                                                                                  ('b03b5747-c36c-4f43-8232-9309defcd052', '3587b71d-5845-4ba3-b667-e556bdf845be', 'c1b35a93-9671-43c1-a0fe-aa4c2e9d2aec', 'SE3886760980', 'BANKGIRO', '2025-04-16 04:25:32', 665.4, 'Groceries', 'Refund from store', 'OCR00049'),
                                                                                                                                                  ('b4a605bd-7080-4b6e-bc41-8a8364dcff05', '7915a5bd-ddcc-4a40-8343-dee3a2188cf0', '3587b71d-5845-4ba3-b667-e556bdf845be', 'SE1099649562', 'INTERNAL_TRANSFER', '2025-04-27 21:59:10', 366.26, 'Utilities payment', 'Refund from store', 'OCR00050'),
                                                                                                                                                  ('2be0f927-84fd-44a8-8f02-b35320a178c1', '3587b71d-5845-4ba3-b667-e556bdf845be', 'c1b35a93-9671-43c1-a0fe-aa4c2e9d2aec', 'SE2667765752', 'BANKGIRO', '2025-06-02 10:01:03', 915.17, 'Groceries', 'Refund from store', 'OCR00051'),
                                                                                                                                                  ('af01f501-3b48-4854-bd30-60b81d5123b9', '7915a5bd-ddcc-4a40-8343-dee3a2188cf0', '3587b71d-5845-4ba3-b667-e556bdf845be', 'SE9509019875', 'BANKGIRO', '2025-02-18 09:41:27', 256.12, 'Monthly rent', 'Spotify Premium', 'OCR00052'),
                                                                                                                                                  ('d199cf06-c0fb-4e84-a2d1-6ed36a2ff227', '3587b71d-5845-4ba3-b667-e556bdf845be', '7915a5bd-ddcc-4a40-8343-dee3a2188cf0', 'SE8143427354', 'BANKGIRO', '2025-02-11 03:40:47', 103.11, 'Travel expense', 'Salary Jan', 'OCR00053'),
                                                                                                                                                  ('f7afa66a-8cc1-487a-985a-a904eda634e5', '7915a5bd-ddcc-4a40-8343-dee3a2188cf0', '3587b71d-5845-4ba3-b667-e556bdf845be', 'SE5622500874', 'INTERNAL_TRANSFER', '2025-02-09 14:33:48', 611.07, 'Refund', 'Refund from store', 'OCR00054'),
                                                                                                                                                  ('3acd5ed2-ef53-403d-8d38-880301004d40', '3587b71d-5845-4ba3-b667-e556bdf845be', '7915a5bd-ddcc-4a40-8343-dee3a2188cf0', 'SE4671614958', 'PLUSGIRO', '2025-02-11 12:15:12', 545.94, 'Online purchase', 'Train ticket', 'OCR00055'),
                                                                                                                                                  ('367de8ab-3aaf-4495-80b9-1d5cd3c26a7a', '7915a5bd-ddcc-4a40-8343-dee3a2188cf0', '67d254c1-1532-4cf4-8d4f-55ef8fe12717', 'SE7383630038', 'BANKGIRO', '2025-06-11 00:28:24', 636.08, 'Monthly rent', 'Train ticket', 'OCR00056'),
                                                                                                                                                  ('b5ddb36b-4f25-4b68-9cd2-3d54330a9e32', '3587b71d-5845-4ba3-b667-e556bdf845be', '7915a5bd-ddcc-4a40-8343-dee3a2188cf0', 'SE3943708583', 'BANKGIRO', '2025-03-09 08:06:02', 780.99, 'Loan repayment', 'Salary Jan', 'OCR00057'),
                                                                                                                                                  ('5e8a052a-29d5-4f13-b75c-383aaa1fab50', '3587b71d-5845-4ba3-b667-e556bdf845be', 'c1b35a93-9671-43c1-a0fe-aa4c2e9d2aec', 'SE6120686344', 'PLUSGIRO', '2025-05-17 02:35:21', 687.8, 'Salary', 'Repayment #001', 'OCR00058'),
                                                                                                                                                  ('a68b3c78-df21-49ec-8bab-a265b59cc34b', '3587b71d-5845-4ba3-b667-e556bdf845be', 'c1b35a93-9671-43c1-a0fe-aa4c2e9d2aec', 'SE7805132492', 'PLUSGIRO', '2025-02-18 12:42:08', 351.14, 'Groceries', 'Electricity bill', 'OCR00059'),
                                                                                                                                                  ('88747284-08f4-48e9-a49b-7d4b1749af44', '67d254c1-1532-4cf4-8d4f-55ef8fe12717', '7915a5bd-ddcc-4a40-8343-dee3a2188cf0', 'SE1281461341', 'INTERNAL_TRANSFER', '2025-06-01 11:41:22', 197.85, 'Groceries', 'Amazon order', 'OCR00060'),
                                                                                                                                                  ('00e24c0e-9765-49e9-abfc-d735c3d046db', '3587b71d-5845-4ba3-b667-e556bdf845be', 'c1b35a93-9671-43c1-a0fe-aa4c2e9d2aec', 'SE7921326585', 'BANKGIRO', '2025-04-06 21:54:42', 703.99, 'Invoice payment', 'Invoice #12345', 'OCR00061'),
                                                                                                                                                  ('aead572d-a967-48fe-a8f3-1cc708430b85', '7915a5bd-ddcc-4a40-8343-dee3a2188cf0', '3587b71d-5845-4ba3-b667-e556bdf845be', 'SE2074666368', 'PLUSGIRO', '2025-02-27 02:29:52', 954.84, 'Travel expense', 'Rent Jan 2025', 'OCR00062'),
                                                                                                                                                  ('e263f0e2-d235-48ef-a6d9-bbde581503ca', '3587b71d-5845-4ba3-b667-e556bdf845be', 'c1b35a93-9671-43c1-a0fe-aa4c2e9d2aec', 'SE9053129097', 'INTERNAL_TRANSFER', '2025-05-02 04:10:30', 468.85, 'Online purchase', 'Spotify Premium', 'OCR00063'),
                                                                                                                                                  ('a864e7b0-9d3d-4c2f-9d78-f614c5509634', '67d254c1-1532-4cf4-8d4f-55ef8fe12717', '7915a5bd-ddcc-4a40-8343-dee3a2188cf0', 'SE2077541557', 'PLUSGIRO', '2025-01-04 14:17:58', 945.19, 'Travel expense', 'Amazon order', 'OCR00064'),
                                                                                                                                                  ('581c3df9-dafd-476f-8ac5-880517c6f92c', '67d254c1-1532-4cf4-8d4f-55ef8fe12717', '7915a5bd-ddcc-4a40-8343-dee3a2188cf0', 'SE8486680041', 'INTERNAL_TRANSFER', '2025-02-26 02:30:09', 254.57, 'Online purchase', 'Refund from store', 'OCR00065'),
                                                                                                                                                  ('309cec77-3705-4d99-b7ff-cef62b09950a', '3587b71d-5845-4ba3-b667-e556bdf845be', '7915a5bd-ddcc-4a40-8343-dee3a2188cf0', 'SE9093894124', 'BANKGIRO', '2025-04-27 00:40:41', 646.06, 'Utilities payment', 'Spotify Premium', 'OCR00066'),
                                                                                                                                                  ('9138ac02-583a-416f-8cfd-49ae09de629c', '3587b71d-5845-4ba3-b667-e556bdf845be', 'c1b35a93-9671-43c1-a0fe-aa4c2e9d2aec', 'SE7467341202', 'BANKGIRO', '2025-02-09 00:27:02', 293.38, 'Monthly rent', 'Repayment #001', 'OCR00067'),
                                                                                                                                                  ('d181a2f3-bba9-457b-ad59-f0a4d07a6a83', '7915a5bd-ddcc-4a40-8343-dee3a2188cf0', '67d254c1-1532-4cf4-8d4f-55ef8fe12717', 'SE9221534877', 'BANKGIRO', '2025-05-01 21:28:33', 699.17, 'Salary', 'Rent Jan 2025', 'OCR00068'),
                                                                                                                                                  ('d6002823-023e-43a6-816b-07ed23b525cf', 'c1b35a93-9671-43c1-a0fe-aa4c2e9d2aec', '3587b71d-5845-4ba3-b667-e556bdf845be', 'SE2118557591', 'INTERNAL_TRANSFER', '2025-04-05 07:01:02', 193.12, 'Monthly rent', 'Train ticket', 'OCR00069'),
                                                                                                                                                  ('bc84e255-4d34-41bf-a71a-62373d83ec26', '3587b71d-5845-4ba3-b667-e556bdf845be', '7915a5bd-ddcc-4a40-8343-dee3a2188cf0', 'SE9608748551', 'BANKGIRO', '2025-03-22 05:24:51', 135.47, 'Subscription fee', 'Train ticket', 'OCR00070'),
                                                                                                                                                  ('db937d3c-869d-4dd9-9b33-e56de508a64f', '3587b71d-5845-4ba3-b667-e556bdf845be', 'c1b35a93-9671-43c1-a0fe-aa4c2e9d2aec', 'SE1375251967', 'BANKGIRO', '2025-05-01 06:23:46', 982.97, 'Utilities payment', 'ICA groceries', 'OCR00071'),
                                                                                                                                                  ('52dfc814-308f-4f19-be4d-4d657506e11b', 'c1b35a93-9671-43c1-a0fe-aa4c2e9d2aec', '3587b71d-5845-4ba3-b667-e556bdf845be', 'SE1236146175', 'INTERNAL_TRANSFER', '2025-04-21 14:35:40', 467.88, 'Groceries', 'Amazon order', 'OCR00072'),
                                                                                                                                                  ('c5fe41db-3fe4-4a2c-bee6-d0f1afb8a77e', '67d254c1-1532-4cf4-8d4f-55ef8fe12717', '7915a5bd-ddcc-4a40-8343-dee3a2188cf0', 'SE6111098823', 'BANKGIRO', '2025-05-18 14:30:08', 454.38, 'Invoice payment', 'Amazon order', 'OCR00073'),
                                                                                                                                                  ('423ae7f7-db2a-47e2-b11f-a7db54af3e31', '3587b71d-5845-4ba3-b667-e556bdf845be', 'c1b35a93-9671-43c1-a0fe-aa4c2e9d2aec', 'SE6255065497', 'INTERNAL_TRANSFER', '2025-02-09 11:20:34', 697.21, 'Travel expense', 'ICA groceries', 'OCR00074'),
                                                                                                                                                  ('022c165c-1658-429f-9669-b76680dec26a', '7915a5bd-ddcc-4a40-8343-dee3a2188cf0', '3587b71d-5845-4ba3-b667-e556bdf845be', 'SE1119925387', 'BANKGIRO', '2025-06-12 19:20:26', 629.74, 'Travel expense', 'Train ticket', 'OCR00075'),
                                                                                                                                                  ('4a10b648-cf7a-4364-a262-6590542d8ec7', '7915a5bd-ddcc-4a40-8343-dee3a2188cf0', '67d254c1-1532-4cf4-8d4f-55ef8fe12717', 'SE5408096559', 'PLUSGIRO', '2025-05-21 12:13:15', 162.8, 'Travel expense', 'Salary Jan', 'OCR00076'),
                                                                                                                                                  ('53e75ea1-ea49-447f-9a22-ef7e47d73e24', '67d254c1-1532-4cf4-8d4f-55ef8fe12717', '7915a5bd-ddcc-4a40-8343-dee3a2188cf0', 'SE1410230806', 'PLUSGIRO', '2025-04-05 12:21:32', 525.1, 'Refund', 'Salary Jan', 'OCR00077'),
                                                                                                                                                  ('bbb8a159-6f4f-43f8-a091-2ac921db9469', '7915a5bd-ddcc-4a40-8343-dee3a2188cf0', '67d254c1-1532-4cf4-8d4f-55ef8fe12717', 'SE9336447198', 'INTERNAL_TRANSFER', '2025-04-04 13:20:12', 261.48, 'Refund', 'Train ticket', 'OCR00078'),
                                                                                                                                                  ('ec9a22a5-e24b-441b-9305-8a779f757bc1', '3587b71d-5845-4ba3-b667-e556bdf845be', 'c1b35a93-9671-43c1-a0fe-aa4c2e9d2aec', 'SE5515909195', 'PLUSGIRO', '2025-04-08 15:49:11', 116.18, 'Utilities payment', 'Refund from store', 'OCR00079'),
                                                                                                                                                  ('be84cff7-3528-42f8-9c28-65fd11afca5f', '3587b71d-5845-4ba3-b667-e556bdf845be', 'c1b35a93-9671-43c1-a0fe-aa4c2e9d2aec', 'SE3481055640', 'PLUSGIRO', '2025-03-24 20:00:40', 701.61, 'Online purchase', 'Rent Jan 2025', 'OCR00080'),
                                                                                                                                                  ('ccb8dce8-3338-407c-b43c-7ede251b6bd4', '3587b71d-5845-4ba3-b667-e556bdf845be', '7915a5bd-ddcc-4a40-8343-dee3a2188cf0', 'SE8899042218', 'BANKGIRO', '2025-03-16 19:34:57', 723.11, 'Invoice payment', 'Electricity bill', 'OCR00081'),
                                                                                                                                                  ('f1e3cf2c-6c93-4082-bcde-bdade5392399', '7915a5bd-ddcc-4a40-8343-dee3a2188cf0', '67d254c1-1532-4cf4-8d4f-55ef8fe12717', 'SE3957226926', 'BANKGIRO', '2025-04-27 06:53:20', 237.74, 'Monthly rent', 'Repayment #001', 'OCR00082'),
                                                                                                                                                  ('5d271252-2866-43d1-814c-0c8b9772bda5', 'c1b35a93-9671-43c1-a0fe-aa4c2e9d2aec', '3587b71d-5845-4ba3-b667-e556bdf845be', 'SE6671811750', 'BANKGIRO', '2025-02-21 15:36:27', 464.27, 'Travel expense', 'Invoice #12345', 'OCR00083'),
                                                                                                                                                  ('b2af549c-008d-4b79-bbb6-f0b78fbc2124', '7915a5bd-ddcc-4a40-8343-dee3a2188cf0', '3587b71d-5845-4ba3-b667-e556bdf845be', 'SE9202507576', 'BANKGIRO', '2025-04-20 06:41:35', 577.41, 'Utilities payment', 'Rent Jan 2025', 'OCR00084'),
                                                                                                                                                  ('d0e47c02-7cd6-4225-a7fc-d1e96d85f64a', '3587b71d-5845-4ba3-b667-e556bdf845be', 'c1b35a93-9671-43c1-a0fe-aa4c2e9d2aec', 'SE3873891685', 'PLUSGIRO', '2025-03-20 07:26:59', 798.55, 'Utilities payment', 'Invoice #12345', 'OCR00085'),
                                                                                                                                                  ('073d0347-3be0-4ef9-ae21-a04ff5a063f7', '7915a5bd-ddcc-4a40-8343-dee3a2188cf0', '3587b71d-5845-4ba3-b667-e556bdf845be', 'SE2852492895', 'INTERNAL_TRANSFER', '2025-05-19 14:15:45', 913.8, 'Online purchase', 'Invoice #12345', 'OCR00086'),
                                                                                                                                                  ('c28a3e76-139d-403d-9268-cc99ade5b1c5', '7915a5bd-ddcc-4a40-8343-dee3a2188cf0', '3587b71d-5845-4ba3-b667-e556bdf845be', 'SE7558322330', 'PLUSGIRO', '2025-02-24 18:25:01', 179.67, 'Refund', 'Repayment #001', 'OCR00087'),
                                                                                                                                                  ('5c268d15-8689-4233-8a71-862cc86acc1a', 'c1b35a93-9671-43c1-a0fe-aa4c2e9d2aec', '3587b71d-5845-4ba3-b667-e556bdf845be', 'SE9769002465', 'BANKGIRO', '2025-04-03 01:45:23', 558.43, 'Groceries', 'Salary Jan', 'OCR00088'),
                                                                                                                                                  ('505be19d-37df-4731-8b8c-55f0cc041c04', '67d254c1-1532-4cf4-8d4f-55ef8fe12717', '7915a5bd-ddcc-4a40-8343-dee3a2188cf0', 'SE4678772334', 'INTERNAL_TRANSFER', '2025-01-13 22:08:21', 962.34, 'Utilities payment', 'Refund from store', 'OCR00089'),
                                                                                                                                                  ('a88e0591-4e6d-481c-9fea-27082e95ca4e', '7915a5bd-ddcc-4a40-8343-dee3a2188cf0', '67d254c1-1532-4cf4-8d4f-55ef8fe12717', 'SE8384878197', 'PLUSGIRO', '2025-03-26 15:55:22', 390.4, 'Invoice payment', 'Train ticket', 'OCR00090'),
                                                                                                                                                  ('f9d89691-364b-4db4-9f1c-8703c1525af1', '7915a5bd-ddcc-4a40-8343-dee3a2188cf0', '3587b71d-5845-4ba3-b667-e556bdf845be', 'SE3863255465', 'PLUSGIRO', '2025-02-24 09:37:32', 624.26, 'Monthly rent', 'Salary Jan', 'OCR00091'),
                                                                                                                                                  ('0161da73-cbe8-423b-bd6e-e38c68eeefad', 'c1b35a93-9671-43c1-a0fe-aa4c2e9d2aec', '3587b71d-5845-4ba3-b667-e556bdf845be', 'SE8490495789', 'BANKGIRO', '2025-03-28 01:04:32', 903.97, 'Loan repayment', 'Electricity bill', 'OCR00092'),
                                                                                                                                                  ('785064f1-3520-46ab-a2ca-3bfefbbc6351', '3587b71d-5845-4ba3-b667-e556bdf845be', '7915a5bd-ddcc-4a40-8343-dee3a2188cf0', 'SE3711695664', 'BANKGIRO', '2025-05-29 04:09:51', 259.96, 'Invoice payment', 'Rent Jan 2025', 'OCR00093'),
                                                                                                                                                  ('81e38f5c-6659-41ac-90e2-34fcdd75d4cd', '67d254c1-1532-4cf4-8d4f-55ef8fe12717', '7915a5bd-ddcc-4a40-8343-dee3a2188cf0', 'SE6731059215', 'BANKGIRO', '2025-03-31 16:37:16', 537.47, 'Monthly rent', 'ICA groceries', 'OCR00094'),
                                                                                                                                                  ('978ffb92-8e4f-4282-9aa1-917805238856', '67d254c1-1532-4cf4-8d4f-55ef8fe12717', '7915a5bd-ddcc-4a40-8343-dee3a2188cf0', 'SE2885147658', 'PLUSGIRO', '2025-03-23 19:20:29', 847.66, 'Groceries', 'Spotify Premium', 'OCR00095'),
                                                                                                                                                  ('f360cdc3-81a9-4720-a7c2-75a8797a521f', '67d254c1-1532-4cf4-8d4f-55ef8fe12717', '7915a5bd-ddcc-4a40-8343-dee3a2188cf0', 'SE5554144578', 'INTERNAL_TRANSFER', '2025-02-11 12:53:31', 611.82, 'Invoice payment', 'ICA groceries', 'OCR00096'),
                                                                                                                                                  ('1226487e-c5e7-4dda-8631-1cc521dd89f7', '3587b71d-5845-4ba3-b667-e556bdf845be', 'c1b35a93-9671-43c1-a0fe-aa4c2e9d2aec', 'SE9465385051', 'BANKGIRO', '2025-03-13 19:35:46', 536.39, 'Online purchase', 'Amazon order', 'OCR00097'),
                                                                                                                                                  ('e477d7f2-411b-44fe-8783-c2d158f247d6', '3587b71d-5845-4ba3-b667-e556bdf845be', '7915a5bd-ddcc-4a40-8343-dee3a2188cf0', 'SE5107463093', 'INTERNAL_TRANSFER', '2025-01-24 10:48:27', 882.3, 'Online purchase', 'Spotify Premium', 'OCR00098'),
                                                                                                                                                  ('1ac219d7-2ffc-4704-b060-eaa3dcf2edfd', '3587b71d-5845-4ba3-b667-e556bdf845be', 'c1b35a93-9671-43c1-a0fe-aa4c2e9d2aec', 'SE8753168819', 'INTERNAL_TRANSFER', '2025-04-21 15:40:28', 105.17, 'Subscription fee', 'Spotify Premium', 'OCR00099'),
                                                                                                                                                  ('e530459e-0777-462e-a6ec-3105112eeff1', '7915a5bd-ddcc-4a40-8343-dee3a2188cf0', '3587b71d-5845-4ba3-b667-e556bdf845be', 'SE2223277177', 'PLUSGIRO', '2025-03-28 17:44:22', 461.89, 'Loan repayment', 'Train ticket', 'OCR00100'),
                                                                                                                                                  ('c9aa2070-1423-48a9-b229-510056c5c2c6', '7915a5bd-ddcc-4a40-8343-dee3a2188cf0', '3587b71d-5845-4ba3-b667-e556bdf845be', 'SE2874858951', 'PLUSGIRO', '2025-02-13 01:53:40', 705.93, 'Online purchase', 'ICA groceries', 'OCR00101'),
                                                                                                                                                  ('c3f0bc4c-658d-4a55-b7cb-12bb3cd187df', '3587b71d-5845-4ba3-b667-e556bdf845be', 'c1b35a93-9671-43c1-a0fe-aa4c2e9d2aec', 'SE4828161697', 'BANKGIRO', '2025-04-23 15:08:55', 837.92, 'Travel expense', 'Invoice #12345', 'OCR00102'),
                                                                                                                                                  ('8a29c5a5-a627-4806-9d6e-e8cbca5059a0', '3587b71d-5845-4ba3-b667-e556bdf845be', 'c1b35a93-9671-43c1-a0fe-aa4c2e9d2aec', 'SE6987861918', 'BANKGIRO', '2025-02-09 14:23:18', 683.99, 'Online purchase', 'Invoice #12345', 'OCR00103');



INSERT INTO user_settings_configs (
    id, user_id, sms_notifications, email_notifications,
    card_transaction_notifications, atm_withdrawal_notifications,
    deposit_notifications, language
) VALUES
      ('3f3c6c6d-1f43-4f0c-9d11-aaa111aaa111', 'user_2yMZ4k4VMcQ4C3Yowv3JfXg0mOd', true, true, true, true, true, 'en'),
      ('3f3c6c6d-1f43-4f0c-9d11-aaa222aaa222', 'user_2yJpkDpb1EaHO7sAK8GVzXoQ3Hf', true, true, true, true, true, 'en'),
      ('3f3c6c6d-1f43-4f0c-9d11-aaa333aaa333', 'user_2ya9D2bPCC3XYyGsklZRQPPBeb9', true, true, true, true, true, 'en'),
      ('3f3c6c6d-1f43-4f0c-9d11-aaa444aaa444', 'user_2yMYqxXhoEDq64tfBlelGADfdlp', true, true, true, true, true, 'en'),
      ('3f3c6c6d-1f43-4f0c-9d11-aaa555aaa555', 'user_2fMYqxXhoEDq64tfBlelGADfdlp', true, true, true, true, true, 'en');

-- Scheduled Transactions
INSERT INTO scheduled_transactions (id, from_account_id, to_account_id, recipient_number, type, amount, scheduled_date, status, created_at, ocr_number, user_note, description) VALUES
                                                                                                                                                                                    ('69ca9a09-804d-4c67-9227-ea23569d4a31', 'c1b35a93-9671-43c1-a0fe-aa4c2e9d2aec', '3587b71d-5845-4ba3-b667-e556bdf845be', 'SE2345678901', 'INTERNAL_TRANSFER', 1000.00, '2025-06-27 14:20:00', 'PENDING', '2025-06-12 08:42:57', 'OCRS00001', 'Monthly transfer', 'Scheduled transfer'),
                                                                                                                                                                                    ('0e683c21-5ed5-4498-b7d4-a9d4e432be02', '3587b71d-5845-4ba3-b667-e556bdf845be', '7915a5bd-ddcc-4a40-8343-dee3a2188cf0', 'SE3456789012', 'BANKGIRO', 500.00, '2025-06-27 14:20:00', 'PENDING', '2025-06-12 09:00:00', 'OCRS00002', 'Rent payment', 'Monthly rent'),
                                                                                                                                                                                    ('4df15be9-12a2-4ee3-8f5c-c11dee6bae57', '7915a5bd-ddcc-4a40-8343-dee3a2188cf0', '67d254c1-1532-4cf4-8d4f-55ef8fe12717', 'SE4567890123', 'PLUSGIRO', 750.00, '2025-06-27 12:20:00', 'PENDING', '2025-06-12 10:00:00', 'OCRS00003', 'Utility bill', 'Monthly utilities'),
                                                                                                                                                                                    ('b7d55e22-3a94-43b8-b4c7-3f7f9f56b345', 'c1b35a93-9671-43c1-a0fe-aa4c2e9d2aec', '3587b71d-5845-4ba3-b667-e556bdf845be', 'SE2345678901', 'BANKGIRO', 300.00, '2025-07-05 14:00:00', 'PENDING', '2025-06-16 09:30:00', 'OCRS00005', 'Gym membership', 'Monthly gym payment'),
                                                                                                                                                                                    ('c9f3245b-2321-4232-a53c-fbd7a8a8dfb7', '3587b71d-5845-4ba3-b667-e556bdf845be', '7915a5bd-ddcc-4a40-8343-dee3a2188cf0', 'SE3456789012', 'PLUSGIRO', 650.00, '2025-07-03 16:00:00', 'PENDING', '2025-06-16 12:45:00', 'OCRS00006', 'Car insurance', 'Annual insurance'),
                                                                                                                                                                                    ('e1b76e91-8a9c-4b6e-8ae2-3a1e2c9e91f7', '67d254c1-1532-4cf4-8d4f-55ef8fe12717', 'c1b35a93-9671-43c1-a0fe-aa4c2e9d2aec', 'SE1234567890', 'INTERNAL_TRANSFER', 950.00, '2025-07-04 13:00:00', 'PENDING', '2025-06-16 13:20:00', 'OCRS00008', 'Loan repayment', 'Scheduled repayment'),
                                                                                                                                                                                    ('f2c78234-1bde-4a75-a86c-7a95a37dba3f', 'c1b35a93-9671-43c1-a0fe-aa4c2e9d2aec', '7915a5bd-ddcc-4a40-8343-dee3a2188cf0', 'SE3456789012', 'BANKGIRO', 200.00, '2025-07-06 15:45:00', 'PENDING', '2025-06-16 14:00:00', 'OCRS00009', 'Book purchase', 'Monthly book subscription'),
                                                                                                                                                                                    ('a4e1b01c-79e5-4c79-9eac-66172c1c8b55', '3587b71d-5845-4ba3-b667-e556bdf845be', '67d254c1-1532-4cf4-8d4f-55ef8fe12717', 'SE4567890123', 'BANKGIRO', 850.00, '2025-07-08 12:15:00', 'PENDING', '2025-06-16 16:30:00', 'OCRS00011', 'Health insurance', 'Monthly health insurance'),
                                                                                                                                                                                    ('f95b8f9b-3ad4-4c67-b53a-9cbb5b614b3f', 'c1b35a93-9671-43c1-a0fe-aa4c2e9d2aec', '7915a5bd-ddcc-4a40-8343-dee3a2188cf0', 'SE3456789012', 'INTERNAL_TRANSFER', 500.00, '2025-06-23 15:00:00', 'PENDING', '2025-06-23 10:00:00', 'OCRS00012', 'Payment to Elias', 'Scheduled transfer from Aki to Elias');
-- Ludwig Hahn: user record
INSERT INTO users (id, password, first_name, last_name, email, phone_number, role, status, created_at, last_login) VALUES
    ('user_2yijisgr6eNN2b8wUSiEMG5PiXi', '123', 'Ludwig', 'Hahn', 'ludwig.hahn@appliedtechnology.se', '0700000004', 'ADMIN', 'ACTIVE', '2025-06-12 08:42:57', '2025-06-12 08:42:57');






INSERT INTO user_applications (id, created_at, updated_at, status, first_name, last_name, personal_number, email, phone_number) VALUES
                                                                                                                                    ('66bf8721-f639-4d4e-8c8e-61fe405b5297', '2025-05-15 03:42:57', '2025-06-15 06:42:57', 'APPROVED', 'Oscar', 'Biden', '19882021-7985', 'oscarr.biden@novabank.se', '0768794628'),
                                                                                                                                    ('66ff8721-f639-4d4e-8d8e-61fe405b5299', '2025-05-15 03:42:57', '2025-05-15 06:42:57', 'APPROVED', 'Oscar', 'Biden', '19881021-7985', 'oscar.biden@novabank.se', '0708794628'),
                                                                                                                                    ('81deb525-1c80-4602-9309-aee8ae8984c8', '2025-05-13 21:42:57', '2025-05-15 01:42:57', 'APPROVED', 'Ida', 'Lind', '19810402-8682', 'ida.lind@novabank.se', '0701214330'),
                                                                                                                                    ('c4bf3157-4c07-48f3-b47e-930b60092216', '2025-05-12 21:42:57', '2025-05-13 07:42:57', 'DISAPPROVED', 'Linus', 'Aslan', '19830319-3917', 'linus.aslan@novabank.se', '0709804416'),
                                                                                                                                    ('25e4d898-e4da-4f51-9e34-54939f6036ad', '2025-05-16 20:42:57', '2025-05-17 21:42:57', 'DISAPPROVED', 'Tove', 'Nilsson', '20020908-6750', 'tove.nilsson@novabank.se', '0702955112'),
                                                                                                                                    ('8377d2a6-d358-4f53-99c6-9d0dd72d6533', '2025-05-17 09:42:57', '2025-05-18 17:42:57', 'DISAPPROVED', 'Tove', 'Andersson', '19951208-8563', 'tove.andersson@novabank.se', '0704830021'),
                                                                                                                                    ('bb2b453f-5815-451c-ab0e-d44ea5652c40', '2025-05-19 05:42:57', '2025-05-20 11:42:57', 'DISAPPROVED', 'Linus', 'Ström', '19660927-7855', 'linus.ström@novabank.se', '0708394355'),
                                                                                                                                    ('a1c1a0de-1ea8-4aec-8de7-20e3d20417b8', '2025-05-20 07:42:57', '2025-05-20 22:42:57', 'DISAPPROVED', 'Aki', 'Aslan', '19800224-8309', 'aki.aslan@novabank.se', '0701096241'),
                                                                                                                                    ('21bc515d-eddf-4f1f-9c23-0ccadf41ae9d', '2025-06-23 02:42:57', '2025-06-23 23:42:57', 'APPROVED', 'Emma', 'Berg', '19551118-2186', 'emma.berg@novabank.se', '0705421755'),
                                                                                                                                    ('f0c5b33b-e52a-44d3-b9a5-4dba1cb838ac', '2025-06-17 19:42:57', '2025-06-19 16:42:57', 'APPROVED', 'Jonas', 'Biden', '19691228-3523', 'jonassss.biden@novabank.se', '0706168834'),
                                                                                                                                    ('9a5c2c71-fcda-4659-8a98-c17912ede8bf', '2025-06-17 15:42:57', '2025-06-18 06:42:57', 'DISAPPROVED', 'Ida', 'Nilsson', '19690710-9792', 'ida.nilsson@novabank.se', '0701783184'),
                                                                                                                                    ('de0eb0d5-7871-4e66-be1e-4b9ef85c5772', '2025-06-21 10:42:57', '2025-06-22 08:42:57', 'APPROVED', 'Aki', 'Berg', '19510614-4332', 'aki.berg@novabank.se', '0701808120'),
                                                                                                                                    ('1a289324-b171-4a9f-ba13-44c1c91d97ed', '2025-06-18 11:42:57', '2025-06-20 11:42:57', 'DISAPPROVED', 'Nikita', 'Berg', '19850928-8822', 'nikita.berg@novabank.se', '0703189696'),
                                                                                                                                    ('1bf5cb27-dd8d-4b82-829a-80e132631598', '2025-06-13 17:42:57', '2025-06-14 06:42:57', 'DISAPPROVED', 'Linus', 'Lind', '19840506-5422', 'linus.lind@novabank.se', '0707779804'),
                                                                                                                                    ('ebe7d4b8-ac49-44fb-9464-4f1cfef91a8a', '2025-06-19 16:42:57', '2025-06-20 10:42:57', 'PENDING', 'Nikita', 'Nilsson', '19740519-6270', 'nikita.nilsson@novabank.se', '0702676404'),
                                                                                                                                    ('23f86db0-21d5-49b2-8c66-0dc7db58dd7c', '2025-06-14 03:42:57', '2025-06-15 20:42:57', 'DISAPPROVED', 'Anna', 'Hahn', '20041014-7872', 'anna.hahn@novabank.se', '0704384980'),
                                                                                                                                    ('5575b4a0-c365-4879-ba7d-c07a8e6c11e5', '2025-06-22 16:42:57', '2025-06-23 18:42:57', 'APPROVED', 'Jonas', 'Biden', '19780525-5068', 'jonas.biden@novabank.se', '0701249239'),
                                                                                                                                    ('a033c43b-884e-47e5-9d21-27ef603f0006', '2025-06-22 10:42:57', '2025-06-22 22:42:57', 'DISAPPROVED', 'Aki', 'Andersson', '19710319-7196', 'aki.andersson@novabank.se', '0705257437'),
                                                                                                                                    ('935cb334-74de-4280-95a9-b829ff4a4783', '2025-06-17 11:42:57', '2025-06-19 11:42:57', 'DISAPPROVED', 'Aki', 'Ström', '19910819-8495', 'aki.ström@novabank.se', '0709204182'),
                                                                                                                                    ('01bf1b28-2645-4812-8490-48922eaab474', '2025-06-14 12:42:57', '2025-06-14 15:42:57', 'DISAPPROVED', 'Anna', 'Ström', '19730613-6549', 'anna.ström@novabank.se', '0705536523'),
                                                                                                                                    ('712961bc-007e-42d6-8a89-5daa54421e33', '2025-06-20 00:42:57', '2025-06-20 21:42:57', 'PENDING', 'Maja', 'Lind', '19560410-8123', 'maja.lind@novabank.se', '0708641442');



INSERT INTO accounts (id, user_id, currency_id, created_at, balance, type, status, account_number) VALUES
    ('d2f9b8f3-1a2e-4c6d-9f7b-8a9b0c1d2e3f','user_2yijisgr6eNN2b8wUSiEMG5PiXi','9bdc18e7-8173-4191-8f61-f3451c5e6759','2025-06-12',0.00,'PERSONAL','ACTIVE','SE5678901234');

INSERT INTO user_settings_configs (id, user_id, sms_notifications, email_notifications, card_transaction_notifications, atm_withdrawal_notifications, deposit_notifications, language) VALUES
    ('3f3c6c6d-1f43-4f0c-9d11-aaa666aaa666','user_2yijisgr6eNN2b8wUSiEMG5PiXi',true,true,true,true,true,'en');




-- David Aslan (ADMIN)
INSERT INTO users (id, password, first_name, last_name, email, phone_number, role, status, created_at, last_login) VALUES
    ('user_2ySF29vY9WkpDkENO9IiVgjuECS','123','David','Aslan','david.aslan@appliedtechnology.se','0700000007','ADMIN','ACTIVE','2025-06-12 08:42:57','2025-06-12 08:42:57');

INSERT INTO user_settings_configs (id, user_id, sms_notifications, email_notifications, card_transaction_notifications, atm_withdrawal_notifications, deposit_notifications, language) VALUES
    ('7b2a67c4-3a1f-463b-a233-e21b77c8e90d','user_2ySF29vY9WkpDkENO9IiVgjuECS',true,true,true,true,true,'en');

INSERT INTO accounts (id, user_id, currency_id, created_at, balance, type, status, account_number) VALUES
    ('a7e9b3c1-4f9d-4d9b-92fa-64a9e5e1c231','user_2ySF29vY9WkpDkENO9IiVgjuECS','9bdc18e7-8173-4191-8f61-f3451c5e6759','2025-06-12',99999,'PERSONAL','ACTIVE','SE5675909876');

-- David Aslan (USER)
INSERT INTO users (id, password, first_name, last_name, email, phone_number, role, status, created_at, last_login) VALUES
    ('user_2yxEp70Yags8QhqTuJunXRvb84p','123','David','Aslan','david.aslan1999@gmail.com','0700000003','USER','ACTIVE','2025-06-12 08:42:57','2025-06-12 08:42:57');

INSERT INTO user_settings_configs (id, user_id, sms_notifications, email_notifications, card_transaction_notifications, atm_withdrawal_notifications, deposit_notifications, language) VALUES
    ('7b2a66c4-3a1f-463b-a233-e21b77c8e90d','user_2yxEp70Yags8QhqTuJunXRvb84p',true,true,true,true,true,'en');

INSERT INTO accounts (id, user_id, currency_id, created_at, balance, type, status, account_number) VALUES
    ('a7e9b3c1-4f9d-4d9b-92da-64a9e5e1c221','user_2yxEp70Yags8QhqTuJunXRvb84p','9bdc18e7-8173-4191-8f61-f3451c5e6759','2025-06-12',99999,'PERSONAL','ACTIVE','SE5675909877');



-- Golden Boy (USER)
INSERT INTO users (id, password, first_name, last_name, email, phone_number, role, status, created_at, last_login) VALUES
    ('user_3fgEp71Yags8QhqTuJunXRvb99r','123','Golden','Boy','golden.boy@crime.com','0708794628','USER','ACTIVE','2025-05-14 12:10:00','2025-06-24 09:00:00');

INSERT INTO user_settings_configs (id, user_id, sms_notifications, email_notifications, card_transaction_notifications, atm_withdrawal_notifications, deposit_notifications, language) VALUES
    ('8c3b77d5-4a2e-473c-b344-f31c88c9f91e','user_3fgEp71Yags8QhqTuJunXRvb99r',true,true,true,true,true,'en');

INSERT INTO accounts (id, user_id, currency_id, created_at, balance, type, status, account_number) VALUES
    ('b8f0c4d2-5d0a-4e8f-93fb-75ba6e2f1d43','user_3fgEp71Yags8QhqTuJunXRvb99r','9bdc18e7-8173-4191-8f61-f3451c5e6759','2025-06-01',400000,'PERSONAL','ACTIVE','SE8899776655');

-- Legitimate-looking loan application
INSERT INTO user_applications (id, created_at, updated_at, status, first_name, last_name, personal_number, email, phone_number) VALUES
    ('781aa621-bc41-4a1f-9c7b-92cf505c52fe', '2025-05-15 08:42:57', '2025-06-15 06:42:57', 'APPROVED', 'Golden', 'Boy', '19881021-9385', 'golden.boy@crime.com', '0708794628');

-- Suspicious transactions (emoji and unusual values)
INSERT INTO transactions (id, from_account_id, to_account_id, recipient_number, type, created_at, amount, description, user_note, ocr_number) VALUES
                                                                                                                                                  ('7a34e3f1-dfa4-431a-9142-bc7d1001b111', 'b8f0c4d2-5d0a-4e8f-93fb-75ba6e2f1d43', 'a7e9b3c1-4f9d-4d9b-92da-64a9e5e1c221', 'SE5675909877', 'INTERNAL_TRANSFER', '2025-06-22 10:00:00', 666.66, '😈 Payment', 'for silence 🔇', 'OCR66666'),
                                                                                                                                                  ('3bb59c02-4c0d-42de-a762-631b2d5d2222', 'b8f0c4d2-5d0a-4e8f-93fb-75ba6e2f1d43', 'a7e9b3c1-4f9d-4d9b-92da-64a9e5e1c221', 'SE5675909877', 'INTERNAL_TRANSFER', '2025-06-23 12:00:00', 420.00, '🪙💰💸', '💵💵💵', 'OCR42069'),
                                                                                                                                                  ('d6ea6a8b-c5ad-43ae-84f7-901eac3e3333', 'b8f0c4d2-5d0a-4e8f-93fb-75ba6e2f1d43', 'a7e9b3c1-4f9d-4d9b-92da-64a9e5e1c221', 'SE5675909877', 'INTERNAL_TRANSFER', '2025-06-24 09:30:00', 1337.00, 'Elite money transfer 💼', '1337 reasons', 'OCR13370');

-- Suspicious scheduled transaction
INSERT INTO scheduled_transactions (id, from_account_id, to_account_id, recipient_number, type, amount, scheduled_date, status, created_at, ocr_number, user_note, description) VALUES
    ('f4c2f921-234a-486b-b3b7-9ce8748c4444', 'b8f0c4d2-5d0a-4e8f-93fb-75ba6e2f1d43', 'a7e9b3c1-4f9d-4d9b-92da-64a9e5e1c221', 'SE5675909877', 'INTERNAL_TRANSFER', 999999.99, '2025-06-30 09:00:00', 'PENDING', '2025-06-24 10:00:00', 'OCR99999', '🎁 hush bonus', 'for continued cooperation');



