-- Currencies
INSERT INTO currencies (id, name, abbrevation) VALUES
                                                   ('9bdc18e7-8173-4191-8f61-f3451c5e6759', 'Swedish Krona', 'SEK'),
                                                   ('9fa9391c-b25a-4933-8c58-e9c7c77f3620', 'Euro', 'EUR');

-- Users
INSERT INTO users (id, password, first_name, last_name, email, phone_number, role, status, created_at, last_login) VALUES
                                                                                                                       ('user_2yMZ4k4VMcQ4C3Yowv3JfXg0mOd', '123', 'Aki', 'Ström', 'aki.strom@appliedtechnology.se', '0700000000', 'USER', 'ACTIVE', '2025-06-12 08:42:57', '2025-06-12 08:42:57'),
                                                                                                                       ('user_2yJpkDpb1EaHO7sAK8GVzXoQ3Hf', '123', 'Nikita', 'Biden', 'nikita.egelrud@appliedtechnology.se', '0700000001', 'USER', 'ACTIVE', '2025-06-12 08:42:57', '2025-06-12 08:42:57'),
                                                                                                                       ('user_2ya9D2bPCC3XYyGsklZRQPPBeb9', '123', 'Elias', 'User', 'elias@novabank.se', '0700000002', 'USER', 'ACTIVE', '2025-06-12 08:42:57', '2025-06-12 08:42:57'),
                                                                                                                       ('user_2yMYqxXhoEDq64tfBlelGADfdlp', '123', 'Amanda', 'User', 'amanda@novabank.se', '0700000002', 'USER', 'ACTIVE', '2025-06-12 08:42:57', '2025-06-12 08:42:57'),
                                                                                                                       ('user_2fMYqxXhoEDq64tfBlelGADfdlp', '123', 'Admin', 'Adminson', 'admin@novabank.se', '0700000002', 'USER', 'ACTIVE', '2025-06-12 08:42:57', '2025-06-12 08:42:57'),
                                                                                                                       ('user_2yMYqxXhoEDq54tfBlelGADfdlp', '123', 'demo-inactive1', 'User', 'demo@novabank1.se', '0701000402', 'USER', 'CLOSED', '2025-06-12 08:42:57', '2025-06-12 08:42:57'),
                                                                                                                       ('user_2yMYqxXhyEDq54tfBlelGADfdlp', '123', 'demo-inactive2', 'User', 'demo@novabank2.se', '0702000402', 'USER', 'CLOSED', '2025-06-12 08:42:57', '2025-06-12 08:42:57'),
                                                                                                                       ('user_2yMYqxXhtEDq54tfBlelGADfdlp', '123', 'demo-inactive3', 'User', 'demo@novabank3.se', '0703000402', 'USER', 'CLOSED', '2025-06-12 08:42:57', '2025-06-12 08:42:57');


-- Accounts
INSERT INTO accounts (id, user_id, currency_id, created_at, balance, type, status, account_number) VALUES
                                                                                                       ('c1b35a93-9671-43c1-a0fe-aa4c2e9d2aec', 'user_2yMZ4k4VMcQ4C3Yowv3JfXg0mOd', '9bdc18e7-8173-4191-8f61-f3451c5e6759', '2025-06-12', 9370.00, 'PERSONAL', 'ACTIVE', 'SE1234567890'),
                                                                                                       ('3587b71d-5845-4ba3-b667-e556bdf845be', 'user_2yJpkDpb1EaHO7sAK8GVzXoQ3Hf', '9fa9391c-b25a-4933-8c58-e9c7c77f3620', '2025-06-12', 1763.50, 'SAVINGS', 'ACTIVE', 'SE2345678901'),
                                                                                                       ('7915a5bd-ddcc-4a40-8343-dee3a2188cf0', 'user_2ya9D2bPCC3XYyGsklZRQPPBeb9', '9bdc18e7-8173-4191-8f61-f3451c5e6759', '2025-06-12', 7459.75, 'PERSONAL', 'ACTIVE', 'SE3456789012'),
                                                                                                       ('67d254c1-1532-4cf4-8d4f-55ef8fe12717', 'user_2yMYqxXhoEDq64tfBlelGADfdlp', '9fa9391c-b25a-4933-8c58-e9c7c77f3620', '2025-06-12', 25000.00, 'PERSONAL', 'ACTIVE', 'SE4567890123');


INSERT INTO transactions (id, from_account_id, to_account_id, recipient_number, type, created_at, amount, description, user_note, ocr_number, status, category) VALUES
                                                                                                                                                                    ('00000000-0000-0000-0000-000000000104', 'c1b35a93-9671-43c1-a0fe-aa4c2e9d2aec', '3587b71d-5845-4ba3-b667-e556bdf845be', 'SE2345678901', 'INTERNAL_TRANSFER', '2025-06-12 09:00:00', 250.50, 'Monthly subscription fee', 'Subscribed to service', 'OCR00104', 1, 'subscription'),
                                                                                                                                                                    ('00000000-0000-0000-0000-000000000105', '3587b71d-5845-4ba3-b667-e556bdf845be', '7915a5bd-ddcc-4a40-8343-dee3a2188cf0', 'SE3456789012', 'BANKGIRO', '2025-06-12 09:15:00', 1340.00, 'Invoice payment', 'Paid invoice #1234', 'OCR00105', 1, 'invoice'),
                                                                                                                                                                    ('00000000-0000-0000-0000-000000000106', '7915a5bd-ddcc-4a40-8343-dee3a2188cf0', '67d254c1-1532-4cf4-8d4f-55ef8fe12717', 'SE4567890123', 'PLUSGIRO', '2025-06-12 09:30:00', 75.75, 'Gym membership fee', 'Monthly gym fee', 'OCR00106', 1, 'health'),
                                                                                                                                                                    ('00000000-0000-0000-0000-000000000107', '67d254c1-1532-4cf4-8d4f-55ef8fe12717', 'c1b35a93-9671-43c1-a0fe-aa4c2e9d2aec', 'SE1234567890', 'INTERNAL_TRANSFER', '2025-06-12 10:00:00', 500.00, 'Gift from Amanda', 'Thanks for your help', 'OCR00107', 1, 'gift'),
                                                                                                                                                                    ('00000000-0000-0000-0000-000000000108', 'c1b35a93-9671-43c1-a0fe-aa4c2e9d2aec', '67d654c1-1532-4cf4-8d4f-55ef8fe12717', 'SE4567890143', 'BANKGIRO', '2025-06-12 10:30:00', 3000.00, 'Rent payment', 'June rent', 'OCR00108', 1, 'housing'),
                                                                                                                                                                    ('00000000-0000-0000-0000-000000000109', '67d654c1-1532-4cf4-8d4f-55ef8fe12717', '3587b71d-5845-4ba3-b667-e556bdf845be', 'SE2345678901', 'PLUSGIRO', '2025-06-12 11:00:00', 220.00, 'Electricity bill', 'May electricity', 'OCR00109', 1, 'utilities'),
                                                                                                                                                                    ('00000000-0000-0000-0000-000000000110', '3587b71d-5845-4ba3-b667-e556bdf845be', '7915a5bd-ddcc-4a40-8343-dee3a2188cf0', 'SE3456789012', 'INTERNAL_TRANSFER', '2025-06-12 11:15:00', 100.00, 'Lunch payment', 'Team lunch', 'OCR00110', 1, 'food'),
                                                                                                                                                                    ('00000000-0000-0000-0000-000000000111', '7915a5bd-ddcc-4a40-8343-dee3a2188cf0', '67d254c1-1532-4cf4-8d4f-55ef8fe12717', 'SE4567890123', 'BANKGIRO', '2025-06-12 11:30:00', 50.00, 'Book purchase', 'Bought new book', 'OCR00111', 1, 'education'),
                                                                                                                                                                    ('00000000-0000-0000-0000-000000000112', '67d254c1-1532-4cf4-8d4f-55ef8fe12717', 'c1b35a93-9671-43c1-a0fe-aa4c2e9d2aec', 'SE1234567890', 'PLUSGIRO', '2025-06-12 12:00:00', 80.00, 'Fuel', 'Gas station refill', 'OCR00112', 1, 'transport'),
                                                                                                                                                                    ('00000000-0000-0000-0000-000000000113', 'c1b35a93-9671-43c1-a0fe-aa4c2e9d2aec', '3587b71d-5845-4ba3-b667-e556bdf845be', 'SE2345678901', 'INTERNAL_TRANSFER', '2025-06-12 12:30:00', 250.00, 'Clothing purchase', 'Bought new jacket', 'OCR00113', 1, 'shopping'),
                                                                                                                                                                    ('00000000-0000-0000-0000-000000000114', '3587b71d-5845-4ba3-b667-e556bdf845be', '7915a5bd-ddcc-4a40-8343-dee3a2188cf0', 'SE3456789012', 'BANKGIRO', '2025-06-12 13:00:00', 150.00, 'Restaurant', 'Dinner with friends', 'OCR00114', 1, 'food'),
                                                                                                                                                                    ('00000000-0000-0000-0000-000000000115', '7915a5bd-ddcc-4a40-8343-dee3a2188cf0', '67d254c1-1532-4cf4-8d4f-55ef8fe12717', 'SE4567890123', 'PLUSGIRO', '2025-06-12 13:30:00', 45.50, 'Movie tickets', 'Cinema visit', 'OCR00115', 1, 'entertainment'),
                                                                                                                                                                    ('00000000-0000-0000-0000-000000000116', '67d254c1-1532-4cf4-8d4f-55ef8fe12717', 'c1b35a93-9671-43c1-a0fe-aa4c2e9d2aec', 'SE1234567890', 'INTERNAL_TRANSFER', '2025-06-12 14:00:00', 500.00, 'Salary payment', 'June salary', 'OCR00116', 1, 'salary'),
                                                                                                                                                                    ('00000000-0000-0000-0000-000000000117', 'c1b35a93-9671-43c1-a0fe-aa4c2e9d2aec', '67d654c1-1532-4cf4-8d4f-55ef8fe12717', 'SE4567890143', 'BANKGIRO', '2025-06-12 14:30:00', 1200.00, 'Car repair', 'Brake replacement', 'OCR00117', 1, 'auto'),
                                                                                                                                                                    ('00000000-0000-0000-0000-000000000118', '67d654c1-1532-4cf4-8d4f-55ef8fe12717', '3587b71d-5845-4ba3-b667-e556bdf845be', 'SE2345678901', 'PLUSGIRO', '2025-06-12 15:00:00', 320.00, 'Insurance premium', 'Health insurance', 'OCR00118', 1, 'insurance'),
                                                                                                                                                                    ('00000000-0000-0000-0000-000000000119', '3587b71d-5845-4ba3-b667-e556bdf845be', '7915a5bd-ddcc-4a40-8343-dee3a2188cf0', 'SE3456789012', 'INTERNAL_TRANSFER', '2025-06-12 15:30:00', 90.00, 'Coffee shop', 'Morning coffee', 'OCR00119', 1, 'food'),
                                                                                                                                                                    ('00000000-0000-0000-0000-000000000120', '7915a5bd-ddcc-4a40-8343-dee3a2188cf0', '67d254c1-1532-4cf4-8d4f-55ef8fe12717', 'SE4567890123', 'BANKGIRO', '2025-06-12 16:00:00', 65.00, 'Books', 'Bought textbooks', 'OCR00120', 1, 'education'),
                                                                                                                                                                    ('00000000-0000-0000-0000-000000000121', '67d254c1-1532-4cf4-8d4f-55ef8fe12717', 'c1b35a93-9671-43c1-a0fe-aa4c2e9d2aec', 'SE1234567890', 'PLUSGIRO', '2025-06-12 16:30:00', 85.00, 'Public transport', 'Monthly pass', 'OCR00121', 1, 'transport'),
                                                                                                                                                                    ('00000000-0000-0000-0000-000000000122', 'c1b35a93-9671-43c1-a0fe-aa4c2e9d2aec', '3587b71d-5845-4ba3-b667-e556bdf845be', 'SE2345678901', 'INTERNAL_TRANSFER', '2025-06-12 17:00:00', 150.00, 'Grocery shopping', 'Weekly groceries', 'OCR00122', 1, 'shopping'),
                                                                                                                                                                    ('00000000-0000-0000-0000-000000000123', '3587b71d-5845-4ba3-b667-e556bdf845be', '7915a5bd-ddcc-4a40-8343-dee3a2188cf0', 'SE3456789012', 'BANKGIRO', '2025-06-12 17:30:00', 45.00, 'Charity donation', 'Donation to NGO', 'OCR00123', 1, 'charity'),
                                                                                                                                                                    ('00000000-0000-0000-0000-000000000124', '7915a5bd-ddcc-4a40-8343-dee3a2188cf0', '67d254c1-1532-4cf4-8d4f-55ef8fe12717', 'SE4567890123', 'PLUSGIRO', '2025-06-12 18:00:00', 95.00, 'Internet bill', 'Monthly internet', 'OCR00124', 1, 'utilities'),
                                                                                                                                                                    ('00000000-0000-0000-0000-000000000125', '67d254c1-1532-4cf4-8d4f-55ef8fe12717', 'c1b35a93-9671-43c1-a0fe-aa4c2e9d2aec', 'SE1234567890', 'INTERNAL_TRANSFER', '2025-06-12 18:30:00', 200.00, 'Concert tickets', 'Rock concert', 'OCR00125', 1, 'entertainment'),
                                                                                                                                                                    ('00000000-0000-0000-0000-000000000126', 'c1b35a93-9671-43c1-a0fe-aa4c2e9d2aec', '67d654c1-1532-4cf4-8d4f-55ef8fe12717', 'SE4567890143', 'BANKGIRO', '2025-06-12 19:00:00', 700.00, 'Dental care', 'Dental cleaning', 'OCR00126', 1, 'health'),
                                                                                                                                                                    ('00000000-0000-0000-0000-000000000127', '67d654c1-1532-4cf4-8d4f-55ef8fe12717', '3587b71d-5845-4ba3-b667-e556bdf845be', 'SE2345678901', 'PLUSGIRO', '2025-06-12 19:30:00', 40.00, 'Movie rental', 'Online movie', 'OCR00127', 1, 'entertainment'),
                                                                                                                                                                    ('00000000-0000-0000-0000-000000000128', '3587b71d-5845-4ba3-b667-e556bdf845be', '7915a5bd-ddcc-4a40-8343-dee3a2188cf0', 'SE3456789012', 'INTERNAL_TRANSFER', '2025-06-12 20:00:00', 120.00, 'Pet food', 'Bought dog food', 'OCR00128', 1, 'pets'),
                                                                                                                                                                    ('00000000-0000-0000-0000-000000000129', '7915a5bd-ddcc-4a40-8343-dee3a2188cf0', '67d254c1-1532-4cf4-8d4f-55ef8fe12717', 'SE4567890123', 'BANKGIRO', '2025-06-12 20:30:00', 300.00, 'Car insurance', 'Annual payment', 'OCR00129', 1, 'insurance'),
                                                                                                                                                                    ('00000000-0000-0000-0000-000000000130', '67d254c1-1532-4cf4-8d4f-55ef8fe12717', 'c1b35a93-9671-43c1-a0fe-aa4c2e9d2aec', 'SE1234567890', 'PLUSGIRO', '2025-06-12 21:00:00', 180.00, 'Dinner', 'Family dinner', 'OCR00130', 1, 'food'),
                                                                                                                                                                    ('00000000-0000-0000-0000-000000000131', 'c1b35a93-9671-43c1-a0fe-aa4c2e9d2aec', '3587b71d-5845-4ba3-b667-e556bdf845be', 'SE2345678901', 'INTERNAL_TRANSFER', '2025-06-12 21:30:00', 130.00, 'Taxi fare', 'Ride to airport', 'OCR00131', 1, 'transport'),
                                                                                                                                                                    ('00000000-0000-0000-0000-000000000132', '3587b71d-5845-4ba3-b667-e556bdf845be', '7915a5bd-ddcc-4a40-8343-dee3a2188cf0', 'SE3456789012', 'BANKGIRO', '2025-06-12 22:00:00', 75.00, 'Coffee machine', 'Bought coffee maker', 'OCR00132', 1, 'shopping'),
                                                                                                                                                                    ('00000000-0000-0000-0000-000000000133', '7915a5bd-ddcc-4a40-8343-dee3a2188cf0', '67d254c1-1532-4cf4-8d4f-55ef8fe12717', 'SE4567890123', 'PLUSGIRO', '2025-06-12 22:30:00', 60.00, 'Magazine subscription', 'Yearly subscription', 'OCR00133', 1, 'subscription'),
                                                                                                                                                                    ('00000000-0000-0000-0000-000000000134', '67d254c1-1532-4cf4-8d4f-55ef8fe12717', 'c1b35a93-9671-43c1-a0fe-aa4c2e9d2aec', 'SE1234567890', 'INTERNAL_TRANSFER', '2025-06-12 23:00:00', 100.00, 'Gift card', 'Birthday gift', 'OCR00134', 1, 'gift'),
                                                                                                                                                                    ('00000000-0000-0000-0000-000000000135', 'c1b35a93-9671-43c1-a0fe-aa4c2e9d2aec', '67d654c1-1532-4cf4-8d4f-55ef8fe12717', 'SE4567890143', 'BANKGIRO', '2025-06-12 23:30:00', 450.00, 'New phone', 'Bought smartphone', 'OCR00135', 1, 'shopping'),
                                                                                                                                                                    ('00000000-0000-0000-0000-000000000136', '67d654c1-1532-4cf4-8d4f-55ef8fe12717', '3587b71d-5845-4ba3-b667-e556bdf845be', 'SE2345678901', 'PLUSGIRO', '2025-06-13 00:00:00', 90.00, 'Water bill', 'Quarterly water bill', 'OCR00136', 1, 'utilities'),
                                                                                                                                                                    ('00000000-0000-0000-0000-000000000137', '3587b71d-5845-4ba3-b667-e556bdf845be', '7915a5bd-ddcc-4a40-8343-dee3a2188cf0', 'SE3456789012', 'INTERNAL_TRANSFER', '2025-06-13 00:30:00', 110.00, 'Cinema snacks', 'Popcorn and soda', 'OCR00137', 1, 'entertainment'),
                                                                                                                                                                    ('00000000-0000-0000-0000-000000000138', '7915a5bd-ddcc-4a40-8343-dee3a2188cf0', '67d254c1-1532-4cf4-8d4f-55ef8fe12717', 'SE4567890123', 'BANKGIRO', '2025-06-13 01:00:00', 210.00, 'Yoga classes', 'Monthly pass', 'OCR00138', 1, 'health'),
                                                                                                                                                                    ('00000000-0000-0000-0000-000000000139', '67d254c1-1532-4cf4-8d4f-55ef8fe12717', 'c1b35a93-9671-43c1-a0fe-aa4c2e9d2aec', 'SE1234567890', 'PLUSGIRO', '2025-06-13 01:30:00', 55.00, 'Taxi fare', 'Ride to work', 'OCR00139', 1, 'transport'),
                                                                                                                                                                    ('00000000-0000-0000-0000-000000000140', 'c1b35a93-9671-43c1-a0fe-aa4c2e9d2aec', '3587b71d-5845-4ba3-b667-e556bdf845be', 'SE2345678901', 'INTERNAL_TRANSFER', '2025-06-13 02:00:00', 85.00, 'Books', 'Bought novels', 'OCR00140', 1, 'education'),
                                                                                                                                                                    ('00000000-0000-0000-0000-000000000141', '3587b71d-5845-4ba3-b667-e556bdf845be', '7915a5bd-ddcc-4a40-8343-dee3a2188cf0', 'SE3456789012', 'BANKGIRO', '2025-06-13 02:30:00', 160.00, 'Dinner', 'Meal at restaurant', 'OCR00141', 1, 'food'),
                                                                                                                                                                    ('00000000-0000-0000-0000-000000000142', '7915a5bd-ddcc-4a40-8343-dee3a2188cf0', '67d254c1-1532-4cf4-8d4f-55ef8fe12717', 'SE4567890123', 'PLUSGIRO', '2025-06-13 03:00:00', 220.00, 'New shoes', 'Sports shoes', 'OCR00142', 1, 'shopping'),
                                                                                                                                                                    ('00000000-0000-0000-0000-000000000143', '67d254c1-1532-4cf4-8d4f-55ef8fe12717', 'c1b35a93-9671-43c1-a0fe-aa4c2e9d2aec', 'SE1234567890', 'INTERNAL_TRANSFER', '2025-06-13 03:30:00', 300.00, 'Gift', 'Wedding gift', 'OCR00143', 1, 'gift'),
                                                                                                                                                                    ('00000000-0000-0000-0000-000000000144', 'c1b35a93-9671-43c1-a0fe-aa4c2e9d2aec', '67d654c1-1532-4cf4-8d4f-55ef8fe12717', 'SE4567890143', 'BANKGIRO', '2025-06-13 04:00:00', 480.00, 'Dental appointment', 'Teeth cleaning', 'OCR00144', 1, 'health'),
                                                                                                                                                                    ('00000000-0000-0000-0000-000000000145', '67d654c1-1532-4cf4-8d4f-55ef8fe12717', '3587b71d-5845-4ba3-b667-e556bdf845be', 'SE2345678901', 'PLUSGIRO', '2025-06-13 04:30:00', 100.00, 'Electricity bill', 'June bill', 'OCR00145', 1, 'utilities'),
                                                                                                                                                                    ('00000000-0000-0000-0000-000000000146', '3587b71d-5845-4ba3-b667-e556bdf845be', '7915a5bd-ddcc-4a40-8343-dee3a2188cf0', 'SE3456789012', 'INTERNAL_TRANSFER', '2025-06-13 05:00:00', 60.00, 'Coffee shop', 'Afternoon coffee', 'OCR00146', 1, 'food'),
                                                                                                                                                                    ('00000000-0000-0000-0000-000000000147', '7915a5bd-ddcc-4a40-8343-dee3a2188cf0', '67d254c1-1532-4cf4-8d4f-55ef8fe12717', 'SE4567890123', 'BANKGIRO', '2025-06-13 05:30:00', 90.00, 'Books', 'New books', 'OCR00147', 1, 'education'),
                                                                                                                                                                    ('00000000-0000-0000-0000-000000000148', '67d254c1-1532-4cf4-8d4f-55ef8fe12717', 'c1b35a93-9671-43c1-a0fe-aa4c2e9d2aec', 'SE1234567890', 'PLUSGIRO', '2025-06-13 06:00:00', 70.00, 'Public transport', 'Bus pass', 'OCR00148', 1, 'transport'),
                                                                                                                                                                    ('00000000-0000-0000-0000-000000000149', 'c1b35a93-9671-43c1-a0fe-aa4c2e9d2aec', '3587b71d-5845-4ba3-b667-e556bdf845be', 'SE2345678901', 'INTERNAL_TRANSFER', '2025-06-13 06:30:00', 210.00, 'Grocery shopping', 'Weekly groceries', 'OCR00149', 1, 'shopping'),
                                                                                                                                                                    ('00000000-0000-0000-0000-000000000150', '3587b71d-5845-4ba3-b667-e556bdf845be', '7915a5bd-ddcc-4a40-8343-dee3a2188cf0', 'SE3456789012', 'BANKGIRO', '2025-06-13 07:00:00', 50.00, 'Charity', 'Donation', 'OCR00150', 1, 'charity'),
                                                                                                                                                                    ('00000000-0000-0000-0000-000000000151', '7915a5bd-ddcc-4a40-8343-dee3a2188cf0', 'c1b35a93-9671-43c1-a0fe-aa4c2e9d2aec', 'SE1234567890', 'BANKGIRO', '2025-06-14 08:00:00', 180.00, 'Gym membership', 'Monthly fee', 'OCR00151', 1, 'health'),
                                                                                                                                                                    ('00000000-0000-0000-0000-000000000152', 'c1b35a93-9671-43c1-a0fe-aa4c2e9d2aec', '67d654c1-1532-4cf4-8d4f-55ef8fe12717', 'SE4567890143', 'PLUSGIRO', '2025-06-14 08:30:00', 120.00, 'Electricity bill', 'July bill', 'OCR00152', 1, 'utilities'),
                                                                                                                                                                    ('00000000-0000-0000-0000-000000000153', '67d654c1-1532-4cf4-8d4f-55ef8fe12717', '3587b71d-5845-4ba3-b667-e556bdf845be', 'SE2345678901', 'INTERNAL_TRANSFER', '2025-06-14 09:00:00', 300.00, 'Birthday gift', 'For Anna', 'OCR00153', 1, 'gift'),
                                                                                                                                                                    ('00000000-0000-0000-0000-000000000154', '3587b71d-5845-4ba3-b667-e556bdf845be', '7915a5bd-ddcc-4a40-8343-dee3a2188cf0', 'SE3456789012', 'BANKGIRO', '2025-06-14 09:30:00', 75.00, 'Lunch', 'Cafe meal', 'OCR00154', 1, 'food'),
                                                                                                                                                                    ('00000000-0000-0000-0000-000000000155', '7915a5bd-ddcc-4a40-8343-dee3a2188cf0', '67d254c1-1532-4cf4-8d4f-55ef8fe12717', 'SE4567890123', 'PLUSGIRO', '2025-06-14 10:00:00', 90.00, 'Taxi', 'Airport ride', 'OCR00155', 1, 'transport'),
                                                                                                                                                                    ('00000000-0000-0000-0000-000000000156', '67d254c1-1532-4cf4-8d4f-55ef8fe12717', 'c1b35a93-9671-43c1-a0fe-aa4c2e9d2aec', 'SE1234567890', 'INTERNAL_TRANSFER', '2025-06-14 10:30:00', 50.00, 'Cinema tickets', 'Movie night', 'OCR00156', 1, 'entertainment'),
                                                                                                                                                                    ('00000000-0000-0000-0000-000000000157', 'c1b35a93-9671-43c1-a0fe-aa4c2e9d2aec', '67d654c1-1532-4cf4-8d4f-55ef8fe12717', 'SE4567890143', 'BANKGIRO', '2025-06-14 11:00:00', 200.00, 'Online shopping', 'Clothes', 'OCR00157', 1, 'shopping'),
                                                                                                                                                                    ('00000000-0000-0000-0000-000000000158', '67d654c1-1532-4cf4-8d4f-55ef8fe12717', '3587b71d-5845-4ba3-b667-e556bdf845be', 'SE2345678901', 'PLUSGIRO', '2025-06-14 11:30:00', 130.00, 'Books', 'New releases', 'OCR00158', 1, 'education'),
                                                                                                                                                                    ('00000000-0000-0000-0000-000000000159', '3587b71d-5845-4ba3-b667-e556bdf845be', '7915a5bd-ddcc-4a40-8343-dee3a2188cf0', 'SE3456789012', 'INTERNAL_TRANSFER', '2025-06-14 12:00:00', 65.00, 'Coffee', 'Morning coffee', 'OCR00159', 1, 'food'),
                                                                                                                                                                    ('00000000-0000-0000-0000-000000000160', '7915a5bd-ddcc-4a40-8343-dee3a2188cf0', '67d254c1-1532-4cf4-8d4f-55ef8fe12717', 'SE4567890123', 'BANKGIRO', '2025-06-14 12:30:00', 80.00, 'Yoga class', 'Weekly session', 'OCR00160', 1, 'health'),
                                                                                                                                                                    ('00000000-0000-0000-0000-000000000161', '67d254c1-1532-4cf4-8d4f-55ef8fe12717', 'c1b35a93-9671-43c1-a0fe-aa4c2e9d2aec', 'SE1234567890', 'INTERNAL_TRANSFER', '2025-06-14 13:00:00', 120.00, 'Concert tickets', 'Live show', 'OCR00161', 1, 'entertainment'),
                                                                                                                                                                    ('00000000-0000-0000-0000-000000000162', 'c1b35a93-9671-43c1-a0fe-aa4c2e9d2aec', '3587b71d-5845-4ba3-b667-e556bdf845be', 'SE2345678901', 'BANKGIRO', '2025-06-14 13:30:00', 50.00, 'Lunch', 'Sandwich and juice', 'OCR00162', 1, 'food'),
                                                                                                                                                                    ('00000000-0000-0000-0000-000000000163', '3587b71d-5845-4ba3-b667-e556bdf845be', '7915a5bd-ddcc-4a40-8343-dee3a2188cf0', 'SE3456789012', 'PLUSGIRO', '2025-06-14 14:00:00', 90.00, 'Taxi', 'Ride home', 'OCR00163', 1, 'transport'),
                                                                                                                                                                    ('00000000-0000-0000-0000-000000000164', '7915a5bd-ddcc-4a40-8343-dee3a2188cf0', '67d654c1-1532-4cf4-8d4f-55ef8fe12717', 'SE4567890143', 'INTERNAL_TRANSFER', '2025-06-14 14:30:00', 100.00, 'Gift', 'Birthday present', 'OCR00164', 1, 'gift'),
                                                                                                                                                                    ('00000000-0000-0000-0000-000000000165', '67d654c1-1532-4cf4-8d4f-55ef8fe12717', 'c1b35a93-9671-43c1-a0fe-aa4c2e9d2aec', 'SE1234567890', 'BANKGIRO', '2025-06-14 15:00:00', 70.00, 'Dinner', 'At Italian restaurant', 'OCR00165', 1, 'food'),
                                                                                                                                                                    ('00000000-0000-0000-0000-000000000166', 'c1b35a93-9671-43c1-a0fe-aa4c2e9d2aec', '3587b71d-5845-4ba3-b667-e556bdf845be', 'SE2345678901', 'PLUSGIRO', '2025-06-14 15:30:00', 130.00, 'Books', 'Bought textbooks', 'OCR00166', 1, 'education'),
                                                                                                                                                                    ('00000000-0000-0000-0000-000000000167', '3587b71d-5845-4ba3-b667-e556bdf845be', '7915a5bd-ddcc-4a40-8343-dee3a2188cf0', 'SE3456789012', 'INTERNAL_TRANSFER', '2025-06-14 16:00:00', 80.00, 'Coffee', 'Afternoon break', 'OCR00167', 1, 'food'),
                                                                                                                                                                    ('00000000-0000-0000-0000-000000000168', '7915a5bd-ddcc-4a40-8343-dee3a2188cf0', '67d254c1-1532-4cf4-8d4f-55ef8fe12717', 'SE4567890123', 'BANKGIRO', '2025-06-14 16:30:00', 150.00, 'Yoga class', 'Private session', 'OCR00168', 1, 'health'),
                                                                                                                                                                    ('00000000-0000-0000-0000-000000000169', '67d254c1-1532-4cf4-8d4f-55ef8fe12717', 'c1b35a93-9671-43c1-a0fe-aa4c2e9d2aec', 'SE1234567890', 'PLUSGIRO', '2025-06-14 17:00:00', 95.00, 'Grocery shopping', 'Organic food', 'OCR00169', 1, 'shopping'),
                                                                                                                                                                    ('00000000-0000-0000-0000-000000000170', 'c1b35a93-9671-43c1-a0fe-aa4c2e9d2aec', '3587b71d-5845-4ba3-b667-e556bdf845be', 'SE2345678901', 'INTERNAL_TRANSFER', '2025-06-14 17:30:00', 200.00, 'Concert tickets', 'Rock band live', 'OCR00170', 1, 'entertainment'),
                                                                                                                                                                    ('00000000-0000-0000-0000-000000000171', '3587b71d-5845-4ba3-b667-e556bdf845be', '7915a5bd-ddcc-4a40-8343-dee3a2188cf0', 'SE3456789012', 'BANKGIRO', '2025-06-14 18:00:00', 65.00, 'Taxi', 'Ride to airport', 'OCR00171', 1, 'transport'),
                                                                                                                                                                    ('00000000-0000-0000-0000-000000000172', '7915a5bd-ddcc-4a40-8343-dee3a2188cf0', '67d654c1-1532-4cf4-8d4f-55ef8fe12717', 'SE4567890143', 'PLUSGIRO', '2025-06-14 18:30:00', 140.00, 'Restaurant', 'Dinner with friends', 'OCR00172', 1, 'food'),
                                                                                                                                                                    ('00000000-0000-0000-0000-000000000173', '67d654c1-1532-4cf4-8d4f-55ef8fe12717', 'c1b35a93-9671-43c1-a0fe-aa4c2e9d2aec', 'SE1234567890', 'INTERNAL_TRANSFER', '2025-06-14 19:00:00', 50.00, 'Movie rental', 'Weekend film', 'OCR00173', 1, 'entertainment'),
                                                                                                                                                                    ('00000000-0000-0000-0000-000000000174', 'c1b35a93-9671-43c1-a0fe-aa4c2e9d2aec', '3587b71d-5845-4ba3-b667-e556bdf845be', 'SE2345678901', 'BANKGIRO', '2025-06-14 19:30:00', 85.00, 'Health checkup', 'Annual exam', 'OCR00174', 1, 'health'),
                                                                                                                                                                    ('00000000-0000-0000-0000-000000000175', '3587b71d-5845-4ba3-b667-e556bdf845be', '7915a5bd-ddcc-4a40-8343-dee3a2188cf0', 'SE3456789012', 'PLUSGIRO', '2025-06-14 20:00:00', 120.00, 'Bookstore', 'Bought novels', 'OCR00175', 1, 'education'),
                                                                                                                                                                    ('00000000-0000-0000-0000-000000000176', '7915a5bd-ddcc-4a40-8343-dee3a2188cf0', '67d254c1-1532-4cf4-8d4f-55ef8fe12717', 'SE4567890123', 'INTERNAL_TRANSFER', '2025-06-14 20:30:00', 75.00, 'Coffee shop', 'Evening coffee', 'OCR00176', 1, 'food'),
                                                                                                                                                                    ('00000000-0000-0000-0000-000000000177', '67d254c1-1532-4cf4-8d4f-55ef8fe12717', 'c1b35a93-9671-43c1-a0fe-aa4c2e9d2aec', 'SE1234567890', 'BANKGIRO', '2025-06-14 21:00:00', 200.00, 'Charity donation', 'Support cause', 'OCR00177', 1, 'charity'),
                                                                                                                                                                    ('00000000-0000-0000-0000-000000000178', 'c1b35a93-9671-43c1-a0fe-aa4c2e9d2aec', '3587b71d-5845-4ba3-b667-e556bdf845be', 'SE2345678901', 'PLUSGIRO', '2025-06-14 21:30:00', 60.00, 'Public transport', 'Monthly pass', 'OCR00178', 1, 'transport'),
                                                                                                                                                                    ('00000000-0000-0000-0000-000000000179', '3587b71d-5845-4ba3-b667-e556bdf845be', '7915a5bd-ddcc-4a40-8343-dee3a2188cf0', 'SE3456789012', 'INTERNAL_TRANSFER', '2025-06-14 22:00:00', 130.00, 'New shoes', 'Running shoes', 'OCR00179', 1, 'shopping'),
                                                                                                                                                                    ('00000000-0000-0000-0000-000000000180', '7915a5bd-ddcc-4a40-8343-dee3a2188cf0', '67d654c1-1532-4cf4-8d4f-55ef8fe12717', 'SE4567890143', 'BANKGIRO', '2025-06-14 22:30:00', 95.00, 'Dinner', 'Family meal', 'OCR00180', 1, 'food'),
                                                                                                                                                                    ('00000000-0000-0000-0000-000000000181', '67d654c1-1532-4cf4-8d4f-55ef8fe12717', 'c1b35a93-9671-43c1-a0fe-aa4c2e9d2aec', 'SE1234567890', 'PLUSGIRO', '2025-06-14 23:00:00', 110.00, 'Gym membership', 'Monthly fee', 'OCR00181', 1, 'health'),
                                                                                                                                                                    ('00000000-0000-0000-0000-000000000182', 'c1b35a93-9671-43c1-a0fe-aa4c2e9d2aec', '3587b71d-5845-4ba3-b667-e556bdf845be', 'SE2345678901', 'INTERNAL_TRANSFER', '2025-06-14 23:30:00', 50.00, 'Cinema tickets', 'New movie', 'OCR00182', 1, 'entertainment'),
                                                                                                                                                                    ('00000000-0000-0000-0000-000000000183', '3587b71d-5845-4ba3-b667-e556bdf845be', '7915a5bd-ddcc-4a40-8343-dee3a2188cf0', 'SE3456789012', 'BANKGIRO', '2025-06-15 00:00:00', 90.00, 'Taxi', 'Late night ride', 'OCR00183', 1, 'transport'),
                                                                                                                                                                    ('00000000-0000-0000-0000-000000000184', '7915a5bd-ddcc-4a40-8343-dee3a2188cf0', '67d254c1-1532-4cf4-8d4f-55ef8fe12717', 'SE4567890123', 'PLUSGIRO', '2025-06-15 00:30:00', 75.00, 'Lunch', 'Quick bite', 'OCR00184', 1, 'food'),
                                                                                                                                                                    ('00000000-0000-0000-0000-000000000185', '67d254c1-1532-4cf4-8d4f-55ef8fe12717', 'c1b35a93-9671-43c1-a0fe-aa4c2e9d2aec', 'SE1234567890', 'INTERNAL_TRANSFER', '2025-06-15 01:00:00', 60.00, 'Books', 'E-books purchase', 'OCR00185', 1, 'education'),
                                                                                                                                                                    ('00000000-0000-0000-0000-000000000186', 'c1b35a93-9671-43c1-a0fe-aa4c2e9d2aec', '3587b71d-5845-4ba3-b667-e556bdf845be', 'SE2345678901', 'BANKGIRO', '2025-06-15 01:30:00', 85.00, 'Dinner', 'Home cooked meal', 'OCR00186', 1, 'food'),
                                                                                                                                                                    ('00000000-0000-0000-0000-000000000187', '3587b71d-5845-4ba3-b667-e556bdf845be', '7915a5bd-ddcc-4a40-8343-dee3a2188cf0', 'SE3456789012', 'PLUSGIRO', '2025-06-15 02:00:00', 55.00, 'Movie rental', 'Classic film', 'OCR00187', 1, 'entertainment'),
                                                                                                                                                                    ('00000000-0000-0000-0000-000000000188', '7915a5bd-ddcc-4a40-8343-dee3a2188cf0', '67d654c1-1532-4cf4-8d4f-55ef8fe12717', 'SE4567890143', 'INTERNAL_TRANSFER', '2025-06-15 02:30:00', 100.00, 'Grocery shopping', 'Weekly groceries', 'OCR00188', 1, 'shopping'),
                                                                                                                                                                    ('00000000-0000-0000-0000-000000000189', '67d654c1-1532-4cf4-8d4f-55ef8fe12717', 'c1b35a93-9671-43c1-a0fe-aa4c2e9d2aec', 'SE1234567890', 'BANKGIRO', '2025-06-15 03:00:00', 120.00, 'Yoga class', 'Group session', 'OCR00189', 1, 'health'),
                                                                                                                                                                    ('00000000-0000-0000-0000-000000000190', 'c1b35a93-9671-43c1-a0fe-aa4c2e9d2aec', '3587b71d-5845-4ba3-b667-e556bdf845be', 'SE2345678901', 'PLUSGIRO', '2025-06-15 03:30:00', 75.00, 'Coffee shop', 'Morning coffee', 'OCR00190', 1, 'food'),
                                                                                                                                                                    ('00000000-0000-0000-0000-000000000191', '67d254c1-1532-4cf4-8d4f-55ef8fe12717', 'c1b35a93-9671-43c1-a0fe-aa4c2e9d2aec', 'SE9876543210', 'BANKGIRO', '2025-06-15 04:00:00', 110.00, 'Online course', 'Data science basics', 'OCR00191', 1, 'education'),
                                                                                                                                                                    ('00000000-0000-0000-0000-000000000192', 'c1b35a93-9671-43c1-a0fe-aa4c2e9d2aec', '3587b71d-5845-4ba3-b667-e556bdf845be', 'SE8765432109', 'INTERNAL_TRANSFER', '2025-06-15 04:30:00', 45.00, 'Breakfast', 'Smoothie and toast', 'OCR00192', 1, 'food'),
                                                                                                                                                                    ('00000000-0000-0000-0000-000000000193', '3587b71d-5845-4ba3-b667-e556bdf845be', '7915a5bd-ddcc-4a40-8343-dee3a2188cf0', 'SE7654321098', 'PLUSGIRO', '2025-06-15 05:00:00', 130.00, 'Taxi', 'Airport transfer', 'OCR00193', 1, 'transport'),
                                                                                                                                                                    ('00000000-0000-0000-0000-000000000194', '7915a5bd-ddcc-4a40-8343-dee3a2188cf0', '67d654c1-1532-4cf4-8d4f-55ef8fe12717', 'SE6543210987', 'BANKGIRO', '2025-06-15 05:30:00', 75.00, 'Gym equipment', 'Weights and mats', 'OCR00194', 1, 'health'),
                                                                                                                                                                    ('00000000-0000-0000-0000-000000000195', '67d654c1-1532-4cf4-8d4f-55ef8fe12717', 'c1b35a93-9671-43c1-a0fe-aa4c2e9d2aec', 'SE5432109876', 'INTERNAL_TRANSFER', '2025-06-15 06:00:00', 90.00, 'Books', 'Python programming', 'OCR00195', 1, 'education'),
                                                                                                                                                                    ('00000000-0000-0000-0000-000000000196', 'c1b35a93-9671-43c1-a0fe-aa4c2e9d2aec', '3587b71d-5845-4ba3-b667-e556bdf845be', 'SE4321098765', 'PLUSGIRO', '2025-06-15 06:30:00', 55.00, 'Lunch', 'Salad and juice', 'OCR00196', 1, 'food'),
                                                                                                                                                                    ('00000000-0000-0000-0000-000000000197', '3587b71d-5845-4ba3-b667-e556bdf845be', '7915a5bd-ddcc-4a40-8343-dee3a2188cf0', 'SE3210987654', 'BANKGIRO', '2025-06-15 07:00:00', 85.00, 'Coffee shop', 'Morning coffee', 'OCR00197', 1, 'food'),
                                                                                                                                                                    ('00000000-0000-0000-0000-000000000198', '7915a5bd-ddcc-4a40-8343-dee3a2188cf0', '67d254c1-1532-4cf4-8d4f-55ef8fe12717', 'SE2109876543', 'INTERNAL_TRANSFER', '2025-06-15 07:30:00', 120.00, 'Dinner', 'Sushi night', 'OCR00198', 1, 'food'),
                                                                                                                                                                    ('00000000-0000-0000-0000-000000000199', '67d254c1-1532-4cf4-8d4f-55ef8fe12717', 'c1b35a93-9671-43c1-a0fe-aa4c2e9d2aec', 'SE1098765432', 'PLUSGIRO', '2025-06-15 08:00:00', 200.00, 'Concert tickets', 'VIP seats', 'OCR00199', 1, 'entertainment'),
                                                                                                                                                                    ('00000000-0000-0000-0000-000000000200', 'c1b35a93-9671-43c1-a0fe-aa4c2e9d2aec', '3587b71d-5845-4ba3-b667-e556bdf845be', 'SE0987654321', 'BANKGIRO', '2025-06-15 08:30:00', 60.00, 'Taxi', 'Ride downtown', 'OCR00200', 1, 'transport'),
                                                                                                                                                                    ('00000000-0000-0000-0000-000000000201', '3587b71d-5845-4ba3-b667-e556bdf845be', '7915a5bd-ddcc-4a40-8343-dee3a2188cf0', 'SE9876543210', 'INTERNAL_TRANSFER', '2025-06-15 09:00:00', 95.00, 'Grocery shopping', 'Vegetables and fruits', 'OCR00201', 1, 'shopping'),
                                                                                                                                                                    ('00000000-0000-0000-0000-000000000202', '7915a5bd-ddcc-4a40-8343-dee3a2188cf0', '67d654c1-1532-4cf4-8d4f-55ef8fe12717', 'SE8765432109', 'PLUSGIRO', '2025-06-15 09:30:00', 130.00, 'Yoga class', 'Morning session', 'OCR00202', 1, 'health'),
                                                                                                                                                                    ('00000000-0000-0000-0000-000000000203', '67d654c1-1532-4cf4-8d4f-55ef8fe12717', 'c1b35a93-9671-43c1-a0fe-aa4c2e9d2aec', 'SE7654321098', 'BANKGIRO', '2025-06-15 10:00:00', 85.00, 'Books', 'Fiction novels', 'OCR00203', 1, 'education'),
                                                                                                                                                                    ('00000000-0000-0000-0000-000000000204', 'c1b35a93-9671-43c1-a0fe-aa4c2e9d2aec', '3587b71d-5845-4ba3-b667-e556bdf845be', 'SE6543210987', 'INTERNAL_TRANSFER', '2025-06-15 10:30:00', 50.00, 'Cinema tickets', 'New release', 'OCR00204', 1, 'entertainment'),
                                                                                                                                                                    ('00000000-0000-0000-0000-000000000205', '3587b71d-5845-4ba3-b667-e556bdf845be', '7915a5bd-ddcc-4a40-8343-dee3a2188cf0', 'SE5432109876', 'PLUSGIRO', '2025-06-15 11:00:00', 110.00, 'Lunch', 'Cafe meal', 'OCR00205', 1, 'food'),
                                                                                                                                                                    ('00000000-0000-0000-0000-000000000206', '7915a5bd-ddcc-4a40-8343-dee3a2188cf0', '67d254c1-1532-4cf4-8d4f-55ef8fe12717', 'SE4321098765', 'BANKGIRO', '2025-06-15 11:30:00', 75.00, 'Taxi', 'Ride home', 'OCR00206', 1, 'transport'),
                                                                                                                                                                    ('00000000-0000-0000-0000-000000000207', '67d254c1-1532-4cf4-8d4f-55ef8fe12717', 'c1b35a93-9671-43c1-a0fe-aa4c2e9d2aec', 'SE3210987654', 'INTERNAL_TRANSFER', '2025-06-15 12:00:00', 90.00, 'Dinner', 'Family dinner', 'OCR00207', 1, 'food'),
                                                                                                                                                                    ('00000000-0000-0000-0000-000000000208', 'c1b35a93-9671-43c1-a0fe-aa4c2e9d2aec', '3587b71d-5845-4ba3-b667-e556bdf845be', 'SE2109876543', 'PLUSGIRO', '2025-06-15 12:30:00', 100.00, 'Gym membership', 'Monthly fee', 'OCR00208', 1, 'health'),
                                                                                                                                                                    ('00000000-0000-0000-0000-000000000209', '3587b71d-5845-4ba3-b667-e556bdf845be', '7915a5bd-ddcc-4a40-8343-dee3a2188cf0', 'SE1098765432', 'BANKGIRO', '2025-06-15 13:00:00', 60.00, 'Coffee shop', 'Afternoon coffee', 'OCR00209', 1, 'food'),
                                                                                                                                                                    ('00000000-0000-0000-0000-000000000210', '7915a5bd-ddcc-4a40-8343-dee3a2188cf0', '67d654c1-1532-4cf4-8d4f-55ef8fe12717', 'SE0987654321', 'INTERNAL_TRANSFER', '2025-06-15 13:30:00', 130.00, 'Books', 'New novels', 'OCR00210', 1, 'education'),
                                                                                                                                                                    ('00000000-0000-0000-0000-000000000211', '67d654c1-1532-4cf4-8d4f-55ef8fe12717', 'c1b35a93-9671-43c1-a0fe-aa4c2e9d2aec', 'SE9876543210', 'BANKGIRO', '2025-06-15 14:00:00', 150.00, 'Dinner', 'Restaurant meal', 'OCR00211', 1, 'food'),
                                                                                                                                                                    ('00000000-0000-0000-0000-000000000212', 'c1b35a93-9671-43c1-a0fe-aa4c2e9d2aec', '3587b71d-5845-4ba3-b667-e556bdf845be', 'SE8765432109', 'PLUSGIRO', '2025-06-15 14:30:00', 70.00, 'Movie rental', 'Weekend movie', 'OCR00212', 1, 'entertainment'),
                                                                                                                                                                    ('00000000-0000-0000-0000-000000000213', '3587b71d-5845-4ba3-b667-e556bdf845be', '7915a5bd-ddcc-4a40-8343-dee3a2188cf0', 'SE7654321098', 'INTERNAL_TRANSFER', '2025-06-15 15:00:00', 85.00, 'Taxi', 'Evening ride', 'OCR00213', 1, 'transport'),
                                                                                                                                                                    ('00000000-0000-0000-0000-000000000214', '7915a5bd-ddcc-4a40-8343-dee3a2188cf0', '67d254c1-1532-4cf4-8d4f-55ef8fe12717', 'SE6543210987', 'BANKGIRO', '2025-06-15 15:30:00', 120.00, 'Lunch', 'Cafe meal', 'OCR00214', 1, 'food'),
                                                                                                                                                                    ('00000000-0000-0000-0000-000000000215', '67d654c1-1532-4cf4-8d4f-55ef8fe12717', 'c1b35a93-9671-43c1-a0fe-aa4c2e9d2aec', 'SE5432109876', 'PLUSGIRO', '2025-06-15 16:00:00', 60.00, 'Coffee shop', 'Morning coffee', 'OCR00215', 1, 'food'),
                                                                                                                                                                    ('00000000-0000-0000-0000-000000000216', 'c1b35a93-9671-43c1-a0fe-aa4c2e9d2aec', '3587b71d-5845-4ba3-b667-e556bdf845be', 'SE4321098765', 'INTERNAL_TRANSFER', '2025-06-15 16:30:00', 50.00, 'Books', 'Study material', 'OCR00216', 1, 'education'),
                                                                                                                                                                    ('00000000-0000-0000-0000-000000000217', '3587b71d-5845-4ba3-b667-e556bdf845be', '7915a5bd-ddcc-4a40-8343-dee3a2188cf0', 'SE3210987654', 'BANKGIRO', '2025-06-15 17:00:00', 110.00, 'Dinner', 'Family dinner', 'OCR00217', 1, 'food'),
                                                                                                                                                                    ('00000000-0000-0000-0000-000000000218', '7915a5bd-ddcc-4a40-8343-dee3a2188cf0', '67d254c1-1532-4cf4-8d4f-55ef8fe12717', 'SE2109876543', 'PLUSGIRO', '2025-06-15 17:30:00', 70.00, 'Gym membership', 'Monthly fee', 'OCR00218', 1, 'health'),
                                                                                                                                                                    ('00000000-0000-0000-0000-000000000219', '67d254c1-1532-4cf4-8d4f-55ef8fe12717', 'c1b35a93-9671-43c1-a0fe-aa4c2e9d2aec', 'SE1098765432', 'INTERNAL_TRANSFER', '2025-06-15 18:00:00', 95.00, 'Taxi', 'Late night ride', 'OCR00219', 1, 'transport'),
                                                                                                                                                                    ('00000000-0000-0000-0000-000000000220', 'c1b35a93-9671-43c1-a0fe-aa4c2e9d2aec', '3587b71d-5845-4ba3-b667-e556bdf845be', 'SE0987654321', 'BANKGIRO', '2025-06-15 18:30:00', 80.00, 'Cinema tickets', 'Blockbuster movie', 'OCR00220', 1, 'entertainment'),
                                                                                                                                                                    ('00000000-0000-0000-0000-000000000221', '3587b71d-5845-4ba3-b667-e556bdf845be', '7915a5bd-ddcc-4a40-8343-dee3a2188cf0', 'SE9876543210', 'PLUSGIRO', '2025-06-15 19:00:00', 125.00, 'Grocery shopping', 'Weekly groceries', 'OCR00221', 1, 'shopping'),
                                                                                                                                                                    ('00000000-0000-0000-0000-000000000222', '7915a5bd-ddcc-4a40-8343-dee3a2188cf0', '67d654c1-1532-4cf4-8d4f-55ef8fe12717', 'SE8765432109', 'INTERNAL_TRANSFER', '2025-06-15 19:30:00', 55.00, 'Lunch', 'Quick bite', 'OCR00222', 1, 'food'),
                                                                                                                                                                    ('00000000-0000-0000-0000-000000000223', '67d654c1-1532-4cf4-8d4f-55ef8fe12717', 'c1b35a93-9671-43c1-a0fe-aa4c2e9d2aec', 'SE7654321098', 'BANKGIRO', '2025-06-15 20:00:00', 115.00, 'Books', 'New releases', 'OCR00223', 1, 'education'),
                                                                                                                                                                    ('00000000-0000-0000-0000-000000000224', 'c1b35a93-9671-43c1-a0fe-aa4c2e9d2aec', '3587b71d-5845-4ba3-b667-e556bdf845be', 'SE6543210987', 'PLUSGIRO', '2025-06-15 20:30:00', 75.00, 'Dinner', 'Family meal', 'OCR00224', 1, 'food'),
                                                                                                                                                                    ('00000000-0000-0000-0000-000000000225', '3587b71d-5845-4ba3-b667-e556bdf845be', '7915a5bd-ddcc-4a40-8343-dee3a2188cf0', 'SE5432109876', 'INTERNAL_TRANSFER', '2025-06-15 21:00:00', 90.00, 'Coffee shop', 'Evening coffee', 'OCR00225', 1, 'food'),
                                                                                                                                                                    ('00000000-0000-0000-0000-000000000226', '7915a5bd-ddcc-4a40-8343-dee3a2188cf0', '67d254c1-1532-4cf4-8d4f-55ef8fe12717', 'SE4321098765', 'BANKGIRO', '2025-06-15 21:30:00', 60.00, 'Taxi', 'Late night ride', 'OCR00226', 1, 'transport'),
                                                                                                                                                                    ('00000000-0000-0000-0000-000000000227', '67d254c1-1532-4cf4-8d4f-55ef8fe12717', 'c1b35a93-9671-43c1-a0fe-aa4c2e9d2aec', 'SE3210987654', 'PLUSGIRO', '2025-06-15 22:00:00', 80.00, 'Gym membership', 'Monthly fee', 'OCR00227', 1, 'health'),
                                                                                                                                                                    ('00000000-0000-0000-0000-000000000228', 'c1b35a93-9671-43c1-a0fe-aa4c2e9d2aec', '3587b71d-5845-4ba3-b667-e556bdf845be', 'SE2109876543', 'INTERNAL_TRANSFER', '2025-06-15 22:30:00', 95.00, 'Dinner', 'Sushi night', 'OCR00228', 1, 'food'),
                                                                                                                                                                    ('00000000-0000-0000-0000-000000000229', '3587b71d-5845-4ba3-b667-e556bdf845be', '7915a5bd-ddcc-4a40-8343-dee3a2188cf0', 'SE1098765432', 'BANKGIRO', '2025-06-15 23:00:00', 105.00, 'Books', 'Study material', 'OCR00229', 1, 'education'),
                                                                                                                                                                    ('00000000-0000-0000-0000-000000000230', '7915a5bd-ddcc-4a40-8343-dee3a2188cf0', '67d654c1-1532-4cf4-8d4f-55ef8fe12717', 'SE0987654321', 'PLUSGIRO', '2025-06-15 23:30:00', 70.00, 'Movie rental', 'Weekend movie', 'OCR00230', 1, 'entertainment');


INSERT INTO user_settings_configs (
    id, user_id, sms_notifications, email_notifications,
    card_transaction_notifications, atm_withdrawal_notifications,
    deposit_notifications, language
) VALUES
      ('3f3c6c6d-1f43-4f0c-9d11-aaa111aaa111', 'user_2yMZ4k4VMcQ4C3Yowv3JfXg0mOd', true, true, true, true, true, 'en'),
      ('3f3c6c6d-1f43-4f0c-9d11-aaa222aaa222', 'user_2yJpkDpb1EaHO7sAK8GVzXoQ3Hf', true, true, true, true, true, 'en'),
      ('3f3c6c6d-1f43-4f0c-9d11-aaa333aaa333', 'user_2ya9D2bPCC3XYyGsklZRQPPBeb9', true, true, true, true, true, 'en'),
      ('3f3c6c6d-1f43-4f0c-9d11-aaa444aaa444', 'user_2yMYqxXhoEDq64tfBlelGADfdlp', true, true, true, true, true, 'en'),
      ('3f3c6c6d-1f43-4f0c-9d11-aaa555aaa555', 'user_2fMYqxXhoEDq64tfBlelGADfdlp', true, true, true, true, true, 'en');

-- Scheduled Transactions
INSERT INTO scheduled_transactions (id, from_account_id, to_account_id, recipient_number, type, amount, scheduled_date, status, created_at, ocr_number, user_note, description) VALUES
                                                                                                                                                                                    ('69ca9a09-804d-4c67-9227-ea23569d4a31', 'c1b35a93-9671-43c1-a0fe-aa4c2e9d2aec', '3587b71d-5845-4ba3-b667-e556bdf845be', 'SE2345678901', 'INTERNAL_TRANSFER', 1000.00, '2025-06-27 14:20:00', 'PENDING', '2025-06-12 08:42:57', 'OCRS00001', 'Monthly transfer', 'Scheduled transfer'),
                                                                                                                                                                                    ('0e683c21-5ed5-4498-b7d4-a9d4e432be02', '3587b71d-5845-4ba3-b667-e556bdf845be', '7915a5bd-ddcc-4a40-8343-dee3a2188cf0', 'SE3456789012', 'BANKGIRO', 500.00, '2025-06-27 14:20:00', 'PENDING', '2025-06-12 09:00:00', 'OCRS00002', 'Rent payment', 'Monthly rent'),
                                                                                                                                                                                    ('4df15be9-12a2-4ee3-8f5c-c11dee6bae57', '7915a5bd-ddcc-4a40-8343-dee3a2188cf0', '67d254c1-1532-4cf4-8d4f-55ef8fe12717', 'SE4567890123', 'PLUSGIRO', 750.00, '2025-06-27 12:20:00', 'PENDING', '2025-06-12 10:00:00', 'OCRS00003', 'Utility bill', 'Monthly utilities'),
                                                                                                                                                                                    ('b7d55e22-3a94-43b8-b4c7-3f7f9f56b345', 'c1b35a93-9671-43c1-a0fe-aa4c2e9d2aec', '3587b71d-5845-4ba3-b667-e556bdf845be', 'SE2345678901', 'BANKGIRO', 300.00, '2025-07-05 14:00:00', 'PENDING', '2025-06-16 09:30:00', 'OCRS00005', 'Gym membership', 'Monthly gym payment'),
                                                                                                                                                                                    ('c9f3245b-2321-4232-a53c-fbd7a8a8dfb7', '3587b71d-5845-4ba3-b667-e556bdf845be', '7915a5bd-ddcc-4a40-8343-dee3a2188cf0', 'SE3456789012', 'PLUSGIRO', 650.00, '2025-07-03 16:00:00', 'PENDING', '2025-06-16 12:45:00', 'OCRS00006', 'Car insurance', 'Annual insurance'),
                                                                                                                                                                                    ('e1b76e91-8a9c-4b6e-8ae2-3a1e2c9e91f7', '67d254c1-1532-4cf4-8d4f-55ef8fe12717', 'c1b35a93-9671-43c1-a0fe-aa4c2e9d2aec', 'SE1234567890', 'INTERNAL_TRANSFER', 950.00, '2025-07-04 13:00:00', 'PENDING', '2025-06-16 13:20:00', 'OCRS00008', 'Loan repayment', 'Scheduled repayment'),
                                                                                                                                                                                    ('f2c78234-1bde-4a75-a86c-7a95a37dba3f', 'c1b35a93-9671-43c1-a0fe-aa4c2e9d2aec', '7915a5bd-ddcc-4a40-8343-dee3a2188cf0', 'SE3456789012', 'BANKGIRO', 200.00, '2025-07-06 15:45:00', 'PENDING', '2025-06-16 14:00:00', 'OCRS00009', 'Book purchase', 'Monthly book subscription'),
                                                                                                                                                                                    ('a4e1b01c-79e5-4c79-9eac-66172c1c8b55', '3587b71d-5845-4ba3-b667-e556bdf845be', '67d254c1-1532-4cf4-8d4f-55ef8fe12717', 'SE4567890123', 'BANKGIRO', 850.00, '2025-07-08 12:15:00', 'PENDING', '2025-06-16 16:30:00', 'OCRS00011', 'Health insurance', 'Monthly health insurance'),
                                                                                                                                                                                    ('f95b8f9b-3ad4-4c67-b53a-9cbb5b614b3f', 'c1b35a93-9671-43c1-a0fe-aa4c2e9d2aec', '7915a5bd-ddcc-4a40-8343-dee3a2188cf0', 'SE3456789012', 'INTERNAL_TRANSFER', 500.00, '2025-06-23 15:00:00', 'PENDING', '2025-06-23 10:00:00', 'OCRS00012', 'Payment to Elias', 'Scheduled transfer from Aki to Elias');

-- Ludwig Hahn: user record
INSERT INTO users (id, password, first_name, last_name, email, phone_number, role, status, created_at, last_login) VALUES
    ('user_2yijisgr6eNN2b8wUSiEMG5PiXi', '123', 'Ludwig', 'Hahn', 'ludwig.hahn@appliedtechnology.se', '0700000004', 'ADMIN', 'ACTIVE', '2025-06-12 08:42:57', '2025-06-12 08:42:57');



INSERT INTO user_applications (id, created_at, updated_at, status, first_name, last_name, personal_number, email, phone_number) VALUES
                                                                                                                                    ('66bf8721-f639-4d4e-8c8e-61fe405b5297', '2025-05-15 03:42:57', '2025-06-15 06:42:57', 'APPROVED', 'Oscar', 'Biden', '19882021-7985', 'oscarr.biden@novabank.se', '0768794628'),
                                                                                                                                    ('66ff8721-f639-4d4e-8d8e-61fe405b5299', '2025-05-15 03:42:57', '2025-05-15 06:42:57', 'APPROVED', 'Oscar', 'Biden', '19881021-7985', 'oscar.biden@novabank.se', '0708794628'),
                                                                                                                                    ('81deb525-1c80-4602-9309-aee8ae8984c8', '2025-05-13 21:42:57', '2025-05-15 01:42:57', 'APPROVED', 'Ida', 'Lind', '19810402-8682', 'ida.lind@novabank.se', '0701214330'),
                                                                                                                                    ('c4bf3157-4c07-48f3-b47e-930b60092216', '2025-05-12 21:42:57', '2025-05-13 07:42:57', 'DISAPPROVED', 'Linus', 'Aslan', '19830319-3917', 'linus.aslan@novabank.se', '0709804416'),
                                                                                                                                    ('25e4d898-e4da-4f51-9e34-54939f6036ad', '2025-05-16 20:42:57', '2025-05-17 21:42:57', 'DISAPPROVED', 'Tove', 'Nilsson', '20020908-6750', 'tove.nilsson@novabank.se', '0702955112'),
                                                                                                                                    ('8377d2a6-d358-4f53-99c6-9d0dd72d6533', '2025-05-17 09:42:57', '2025-05-18 17:42:57', 'DISAPPROVED', 'Tove', 'Andersson', '19951208-8563', 'tove.andersson@novabank.se', '0704830021'),
                                                                                                                                    ('bb2b453f-5815-451c-ab0e-d44ea5652c40', '2025-05-19 05:42:57', '2025-05-20 11:42:57', 'DISAPPROVED', 'Linus', 'Ström', '19660927-7855', 'linus.ström@novabank.se', '0708394355'),
                                                                                                                                    ('a1c1a0de-1ea8-4aec-8de7-20e3d20417b8', '2025-05-20 07:42:57', '2025-05-20 22:42:57', 'DISAPPROVED', 'Aki', 'Aslan', '19800224-8309', 'aki.aslan@novabank.se', '0701096241'),
                                                                                                                                    ('21bc515d-eddf-4f1f-9c23-0ccadf41ae9d', '2025-06-23 02:42:57', '2025-06-23 23:42:57', 'APPROVED', 'Emma', 'Berg', '19551118-2186', 'emma.berg@novabank.se', '0705421755'),
                                                                                                                                    ('f0c5b33b-e52a-44d3-b9a5-4dba1cb838ac', '2025-06-17 19:42:57', '2025-06-19 16:42:57', 'APPROVED', 'Jonas', 'Biden', '19691228-3523', 'jonassss.biden@novabank.se', '0706168834'),
                                                                                                                                    ('9a5c2c71-fcda-4659-8a98-c17912ede8bf', '2025-06-17 15:42:57', '2025-06-18 06:42:57', 'DISAPPROVED', 'Ida', 'Nilsson', '19690710-9792', 'ida.nilsson@novabank.se', '0701783184'),
                                                                                                                                    ('de0eb0d5-7871-4e66-be1e-4b9ef85c5772', '2025-06-21 10:42:57', '2025-06-22 08:42:57', 'APPROVED', 'Aki', 'Berg', '19510614-4332', 'aki.berg@novabank.se', '0701808120'),
                                                                                                                                    ('1a289324-b171-4a9f-ba13-44c1c91d97ed', '2025-06-18 11:42:57', '2025-06-20 11:42:57', 'DISAPPROVED', 'Nikita', 'Berg', '19850928-8822', 'nikita.berg@novabank.se', '0703189696'),
                                                                                                                                    ('1bf5cb27-dd8d-4b82-829a-80e132631598', '2025-06-13 17:42:57', '2025-06-14 06:42:57', 'DISAPPROVED', 'Linus', 'Lind', '19840506-5422', 'linus.lind@novabank.se', '0707779804'),
                                                                                                                                    ('ebe7d4b8-ac49-44fb-9464-4f1cfef91a8a', '2025-06-19 16:42:57', '2025-06-20 10:42:57', 'PENDING', 'Nikita', 'Nilsson', '19740519-6270', 'nikita.nilsson@novabank.se', '0702676404'),
                                                                                                                                    ('23f86db0-21d5-49b2-8c66-0dc7db58dd7c', '2025-06-14 03:42:57', '2025-06-15 20:42:57', 'DISAPPROVED', 'Anna', 'Hahn', '20041014-7872', 'anna.hahn@novabank.se', '0704384980'),
                                                                                                                                    ('5575b4a0-c365-4879-ba7d-c07a8e6c11e5', '2025-06-22 16:42:57', '2025-06-23 18:42:57', 'APPROVED', 'Jonas', 'Biden', '19780525-5068', 'jonas.biden@novabank.se', '0701249239'),
                                                                                                                                    ('a033c43b-884e-47e5-9d21-27ef603f0006', '2025-06-22 10:42:57', '2025-06-22 22:42:57', 'DISAPPROVED', 'Aki', 'Andersson', '19710319-7196', 'aki.andersson@novabank.se', '0705257437'),
                                                                                                                                    ('935cb334-74de-4280-95a9-b829ff4a4783', '2025-06-17 11:42:57', '2025-06-19 11:42:57', 'DISAPPROVED', 'Aki', 'Ström', '19910819-8495', 'aki.ström@novabank.se', '0709204182'),
                                                                                                                                    ('01bf1b28-2645-4812-8490-48922eaab474', '2025-06-14 12:42:57', '2025-06-14 15:42:57', 'DISAPPROVED', 'Anna', 'Ström', '19730613-6549', 'anna.ström@novabank.se', '0705536523'),
                                                                                                                                    ('712961bc-007e-42d6-8a89-5daa54421e33', '2025-06-20 00:42:57', '2025-06-20 21:42:57', 'PENDING', 'Maja', 'Lind', '19560410-8123', 'maja.lind@novabank.se', '0708641442');


-- Ludwig Hahn
INSERT INTO users (id, password, first_name, last_name, email, phone_number, role, status, created_at, last_login) VALUES
    ('user_2yijisgr6eNN2b8wUSiEMG5PiXi','123','Ludwig','Hahn','ludwig.hahn@appliedtechnology.se','0700000004','USER','ACTIVE','2025-06-12 08:42:57','2025-06-12 08:42:57');

INSERT INTO accounts (id, user_id, currency_id, created_at, balance, type, status, account_number) VALUES
    ('d2f9b8f3-1a2e-4c6d-9f7b-8a9b0c1d2e3f','user_2yijisgr6eNN2b8wUSiEMG5PiXi','9bdc18e7-8173-4191-8f61-f3451c5e6759','2025-06-12',0.00,'PERSONAL','ACTIVE','SE5678901234');

INSERT INTO user_settings_configs (id, user_id, sms_notifications, email_notifications, card_transaction_notifications, atm_withdrawal_notifications, deposit_notifications, language) VALUES
    ('3f3c6c6d-1f43-4f0c-9d11-aaa666aaa666','user_2yijisgr6eNN2b8wUSiEMG5PiXi',true,true,true,true,true,'en');




-- David Aslan (ADMIN)
INSERT INTO users (id, password, first_name, last_name, email, phone_number, role, status, created_at, last_login) VALUES
    ('user_2ySF29vY9WkpDkENO9IiVgjuECS','123','David','Aslan','david.aslan@appliedtechnology.se','0700000007','ADMIN','ACTIVE','2025-06-12 08:42:57','2025-06-12 08:42:57');

INSERT INTO user_settings_configs (id, user_id, sms_notifications, email_notifications, card_transaction_notifications, atm_withdrawal_notifications, deposit_notifications, language) VALUES
    ('7b2a67c4-3a1f-463b-a233-e21b77c8e90d','user_2ySF29vY9WkpDkENO9IiVgjuECS',true,true,true,true,true,'en');

INSERT INTO accounts (id, user_id, currency_id, created_at, balance, type, status, account_number) VALUES
    ('a7e9b3c1-4f9d-4d9b-92fa-64a9e5e1c231','user_2ySF29vY9WkpDkENO9IiVgjuECS','9bdc18e7-8173-4191-8f61-f3451c5e6759','2025-06-12',99999,'PERSONAL','ACTIVE','SE5675909876');

-- David Aslan (USER)
INSERT INTO users (id, password, first_name, last_name, email, phone_number, role, status, created_at, last_login) VALUES
    ('user_2yxEp70Yags8QhqTuJunXRvb84p','123','David','Aslan','david.aslan1999@gmail.com','0700000003','USER','ACTIVE','2025-06-12 08:42:57','2025-06-12 08:42:57');

INSERT INTO user_settings_configs (id, user_id, sms_notifications, email_notifications, card_transaction_notifications, atm_withdrawal_notifications, deposit_notifications, language) VALUES
    ('7b2a66c4-3a1f-463b-a233-e21b77c8e90d','user_2yxEp70Yags8QhqTuJunXRvb84p',true,true,true,true,true,'en');

INSERT INTO accounts (id, user_id, currency_id, created_at, balance, type, status, account_number) VALUES
    ('a7e9b3c1-4f9d-4d9b-92da-64a9e5e1c221','user_2yxEp70Yags8QhqTuJunXRvb84p','9bdc18e7-8173-4191-8f61-f3451c5e6759','2025-06-12',99999,'PERSONAL','ACTIVE','SE5675909877');







