-- Currencies
INSERT INTO currencies (id, name, abbrevation) VALUES
                                                   ('9bdc18e7-8173-4191-8f61-f3451c5e6759', 'Swedish Krona', 'SEK'),
                                                   ('9fa9391c-b25a-4933-8c58-e9c7c77f3620', 'Euro', 'EUR');

-- Users
INSERT INTO users (id, password, first_name, last_name, email, phone_number, role, status, created_at, last_login) VALUES
                                                                                                                       ('user_2yMZ4k4VMcQ4C3Yowv3JfXg0mOd', '123', 'Aki', 'Ström', 'aki.strom@appliedtechnology.se', '0700000000', 'USER', 'ACTIVE', '2025-06-12 08:42:57', '2025-06-12 08:42:57'),
                                                                                                                       ('user_2yJpkDpb1EaHO7sAK8GVzXoQ3Hf', '123', 'Nikita', 'Biden', 'nikita.egelrud@appliedtechnology.se', '0700000001', 'USER', 'ACTIVE', '2025-06-12 08:42:57', '2025-06-12 08:42:57'),
                                                                                                                       ('user_2ya9D2bPCC3XYyGsklZRQPPBeb9', '123', 'Elias', 'User', 'elias@novabank.se', '0700000002', 'USER', 'ACTIVE', '2025-06-12 08:42:57', '2025-06-12 08:42:57'),
                                                                                                                       ('user_2yMYqxXhoEDq64tfBlelGADfdlp', '123', 'Amanda', 'User', 'amanda@novabank.se', '0700000002', 'USER', 'ACTIVE', '2025-06-12 08:42:57', '2025-06-12 08:42:57'),
                                                                                                                       ('user_2fMYqxXhoEDq64tfBlelGADfdlp', '123', 'Admin', 'Adminson', 'admin@novabank.se', '0700000002', 'USER', 'ACTIVE', '2025-06-12 08:42:57', '2025-06-12 08:42:57');

-- Accounts
INSERT INTO accounts (id, user_id, currency_id, created_at, balance, type, status, account_number) VALUES
                                                                                                       ('c1b35a93-9671-43c1-a0fe-aa4c2e9d2aec', 'user_2yMZ4k4VMcQ4C3Yowv3JfXg0mOd', '9bdc18e7-8173-4191-8f61-f3451c5e6759', '2025-06-12', 9370.00, 'PERSONAL', 'ACTIVE', 'SE1234567890'),
                                                                                                       ('3587b71d-5845-4ba3-b667-e556bdf845be', 'user_2yJpkDpb1EaHO7sAK8GVzXoQ3Hf', '9fa9391c-b25a-4933-8c58-e9c7c77f3620', '2025-06-12', 1763.50, 'SAVINGS', 'ACTIVE', 'SE2345678901'),
                                                                                                       ('7915a5bd-ddcc-4a40-8343-dee3a2188cf0', 'user_2ya9D2bPCC3XYyGsklZRQPPBeb9', '9bdc18e7-8173-4191-8f61-f3451c5e6759', '2025-06-12', 7459.75, 'PERSONAL', 'ACTIVE', 'SE3456789012'),
                                                                                                       ('67d254c1-1532-4cf4-8d4f-55ef8fe12717', 'user_2yMYqxXhoEDq64tfBlelGADfdlp', '9fa9391c-b25a-4933-8c58-e9c7c77f3620', '2025-06-12', 25000.00, 'PERSONAL', 'ACTIVE', 'SE4567890123');

INSERT INTO transactions (id, from_account_id, to_account_id, recipient_number, type, created_at, amount, description, user_note, ocr_number) VALUES
                                                                                                                                                  ('00000000-0000-0000-0000-000000000101', 'c1b35a93-9671-43c1-a0fe-aa4c2e9d2aec', '3587b71d-5845-4ba3-b667-e556bdf845be', 'SE2345678901', 'INTERNAL_TRANSFER', '2025-06-12 08:00:01', 100.00, 'Test transaction 1', 'Note 1', 'OCR00101'),
                                                                                                                                                  ('00000000-0000-0000-0000-000000000102', 'c1b35a93-9671-43c1-a0fe-aa4c2e9d2aec', '3587b71d-5845-4ba3-b667-e556bdf845be', 'SE2345678901', 'INTERNAL_TRANSFER', '2025-06-12 08:10:01', 101.00, 'Test transaction 2', 'Note 2', 'OCR00102'),
                                                                                                                                                  ('00000000-0000-0000-0000-000000000103', 'c1b35a93-9671-43c1-a0fe-aa4c2e9d2aec', '3587b71d-5845-4ba3-b667-e556bdf845be', 'SE2345678901', 'INTERNAL_TRANSFER', '2025-06-12 08:20:01', 102.00, 'Test transaction 3', 'Note 3', 'OCR00103'),
                                                                                                                                                  ('00000000-0000-0000-0000-000000000104', 'c1b35a93-9671-43c1-a0fe-aa4c2e9d2aec', '3587b71d-5845-4ba3-b667-e556bdf845be', 'SE2345678901', 'INTERNAL_TRANSFER', '2025-06-12 08:30:01', 103.00, 'Test transaction 4', 'Note 4', 'OCR00104'),
                                                                                                                                                  ('00000000-0000-0000-0000-000000000105', 'c1b35a93-9671-43c1-a0fe-aa4c2e9d2aec', '3587b71d-5845-4ba3-b667-e556bdf845be', 'SE2345678901', 'INTERNAL_TRANSFER', '2025-06-12 08:40:01', 104.00, 'Test transaction 5', 'Note 5', 'OCR00105'),
                                                                                                                                                  ('00000000-0000-0000-0000-000000000106', 'c1b35a93-9671-43c1-a0fe-aa4c2e9d2aec', '3587b71d-5845-4ba3-b667-e556bdf845be', 'SE2345678901', 'INTERNAL_TRANSFER', '2025-06-12 08:50:01', 105.00, 'Test transaction 6', 'Note 6', 'OCR00106'),
                                                                                                                                                  ('00000000-0000-0000-0000-000000000107', 'c1b35a93-9671-43c1-a0fe-aa4c2e9d2aec', '3587b71d-5845-4ba3-b667-e556bdf845be', 'SE2345678901', 'INTERNAL_TRANSFER', '2025-06-12 09:00:01', 106.00, 'Test transaction 7', 'Note 7', 'OCR00107'),
                                                                                                                                                  ('00000000-0000-0000-0000-000000000108', 'c1b35a93-9671-43c1-a0fe-aa4c2e9d2aec', '3587b71d-5845-4ba3-b667-e556bdf845be', 'SE2345678901', 'INTERNAL_TRANSFER', '2025-06-12 09:10:01', 107.00, 'Test transaction 8', 'Note 8', 'OCR00108'),
                                                                                                                                                  ('00000000-0000-0000-0000-000000000109', 'c1b35a93-9671-43c1-a0fe-aa4c2e9d2aec', '3587b71d-5845-4ba3-b667-e556bdf845be', 'SE2345678901', 'INTERNAL_TRANSFER', '2025-06-12 09:20:01', 108.00, 'Test transaction 9', 'Note 9', 'OCR00109'),
                                                                                                                                                  ('00000000-0000-0000-0000-000000000110', 'c1b35a93-9671-43c1-a0fe-aa4c2e9d2aec', '3587b71d-5845-4ba3-b667-e556bdf845be', 'SE2345678901', 'INTERNAL_TRANSFER', '2025-06-12 09:30:01', 109.00, 'Test transaction 10', 'Note 10', 'OCR00110'),
                                                                                                                                                  ('00000000-0000-0000-0000-000000000111', '3587b71d-5845-4ba3-b667-e556bdf845be', '7915a5bd-ddcc-4a40-8343-dee3a2188cf0', 'SE3456789012', 'BANKGIRO', '2025-06-12 09:40:01', 110.00, 'Test transaction 11', 'Note 11', 'OCR00111'),
                                                                                                                                                  ('00000000-0000-0000-0000-000000000112', '3587b71d-5845-4ba3-b667-e556bdf845be', '7915a5bd-ddcc-4a40-8343-dee3a2188cf0', 'SE3456789012', 'BANKGIRO', '2025-06-12 09:50:01', 111.00, 'Test transaction 12', 'Note 12', 'OCR00112'),
                                                                                                                                                  ('00000000-0000-0000-0000-000000000113', '3587b71d-5845-4ba3-b667-e556bdf845be', '7915a5bd-ddcc-4a40-8343-dee3a2188cf0', 'SE3456789012', 'BANKGIRO', '2025-06-12 10:00:01', 112.00, 'Test transaction 13', 'Note 13', 'OCR00113'),
                                                                                                                                                  ('00000000-0000-0000-0000-000000000114', '3587b71d-5845-4ba3-b667-e556bdf845be', '7915a5bd-ddcc-4a40-8343-dee3a2188cf0', 'SE3456789012', 'BANKGIRO', '2025-06-12 10:10:01', 113.00, 'Test transaction 14', 'Note 14', 'OCR00114'),
                                                                                                                                                  ('00000000-0000-0000-0000-000000000115', '3587b71d-5845-4ba3-b667-e556bdf845be', '7915a5bd-ddcc-4a40-8343-dee3a2188cf0', 'SE3456789012', 'BANKGIRO', '2025-06-12 10:20:01', 114.00, 'Test transaction 15', 'Note 15', 'OCR00115'),
                                                                                                                                                  ('00000000-0000-0000-0000-000000000116', '3587b71d-5845-4ba3-b667-e556bdf845be', '7915a5bd-ddcc-4a40-8343-dee3a2188cf0', 'SE3456789012', 'BANKGIRO', '2025-06-12 10:30:01', 115.00, 'Test transaction 16', 'Note 16', 'OCR00116'),
                                                                                                                                                  ('00000000-0000-0000-0000-000000000117', '3587b71d-5845-4ba3-b667-e556bdf845be', '7915a5bd-ddcc-4a40-8343-dee3a2188cf0', 'SE3456789012', 'BANKGIRO', '2025-06-12 10:40:01', 116.00, 'Test transaction 17', 'Note 17', 'OCR00117'),
                                                                                                                                                  ('00000000-0000-0000-0000-000000000118', '3587b71d-5845-4ba3-b667-e556bdf845be', '7915a5bd-ddcc-4a40-8343-dee3a2188cf0', 'SE3456789012', 'BANKGIRO', '2025-06-12 10:50:01', 117.00, 'Test transaction 18', 'Note 18', 'OCR00118'),
                                                                                                                                                  ('00000000-0000-0000-0000-000000000119', '3587b71d-5845-4ba3-b667-e556bdf845be', '7915a5bd-ddcc-4a40-8343-dee3a2188cf0', 'SE3456789012', 'BANKGIRO', '2025-06-12 11:00:01', 118.00, 'Test transaction 19', 'Note 19', 'OCR00119'),
                                                                                                                                                  ('00000000-0000-0000-0000-000000000120', '3587b71d-5845-4ba3-b667-e556bdf845be', '7915a5bd-ddcc-4a40-8343-dee3a2188cf0', 'SE3456789012', 'BANKGIRO', '2025-06-12 11:10:01', 119.00, 'Test transaction 20', 'Note 20', 'OCR00120'),
                                                                                                                                                  ('00000000-0000-0000-0000-000000000121', '7915a5bd-ddcc-4a40-8343-dee3a2188cf0', '67d254c1-1532-4cf4-8d4f-55ef8fe12717', 'SE4567890123', 'PLUSGIRO', '2025-06-12 11:20:01', 120.00, 'Test transaction 21', 'Note 21', 'OCR00121'),
                                                                                                                                                  ('00000000-0000-0000-0000-000000000122', '7915a5bd-ddcc-4a40-8343-dee3a2188cf0', '67d254c1-1532-4cf4-8d4f-55ef8fe12717', 'SE4567890123', 'PLUSGIRO', '2025-06-12 11:30:01', 121.00, 'Test transaction 22', 'Note 22', 'OCR00122'),
                                                                                                                                                  ('00000000-0000-0000-0000-000000000123', '7915a5bd-ddcc-4a40-8343-dee3a2188cf0', '67d254c1-1532-4cf4-8d4f-55ef8fe12717', 'SE4567890123', 'PLUSGIRO', '2025-06-12 11:40:01', 122.00, 'Test transaction 23', 'Note 23', 'OCR00123'),
                                                                                                                                                  ('00000000-0000-0000-0000-000000000124', '7915a5bd-ddcc-4a40-8343-dee3a2188cf0', '67d254c1-1532-4cf4-8d4f-55ef8fe12717', 'SE4567890123', 'PLUSGIRO', '2025-06-12 11:50:01', 123.00, 'Test transaction 24', 'Note 24', 'OCR00124'),
                                                                                                                                                  ('00000000-0000-0000-0000-000000000125', '7915a5bd-ddcc-4a40-8343-dee3a2188cf0', '67d254c1-1532-4cf4-8d4f-55ef8fe12717', 'SE4567890123', 'PLUSGIRO', '2025-06-12 12:00:01', 124.00, 'Test transaction 25', 'Note 25', 'OCR00125'),
                                                                                                                                                  ('00000000-0000-0000-0000-000000000126', '7915a5bd-ddcc-4a40-8343-dee3a2188cf0', '67d254c1-1532-4cf4-8d4f-55ef8fe12717', 'SE4567890123', 'PLUSGIRO', '2025-06-12 12:10:01', 125.00, 'Test transaction 26', 'Note 26', 'OCR00126'),
                                                                                                                                                  ('00000000-0000-0000-0000-000000000127', '7915a5bd-ddcc-4a40-8343-dee3a2188cf0', '67d254c1-1532-4cf4-8d4f-55ef8fe12717', 'SE4567890123', 'PLUSGIRO', '2025-06-12 12:20:01', 126.00, 'Test transaction 27', 'Note 27', 'OCR00127'),
                                                                                                                                                  ('00000000-0000-0000-0000-000000000128', '7915a5bd-ddcc-4a40-8343-dee3a2188cf0', '67d254c1-1532-4cf4-8d4f-55ef8fe12717', 'SE4567890123', 'PLUSGIRO', '2025-06-12 12:30:01', 127.00, 'Test transaction 28', 'Note 28', 'OCR00128'),
                                                                                                                                                  ('00000000-0000-0000-0000-000000000129', '7915a5bd-ddcc-4a40-8343-dee3a2188cf0', '67d254c1-1532-4cf4-8d4f-55ef8fe12717', 'SE4567890123', 'PLUSGIRO', '2025-06-12 12:40:01', 128.00, 'Test transaction 29', 'Note 29', 'OCR00129'),
                                                                                                                                                  ('00000000-0000-0000-0000-000000000130', '7915a5bd-ddcc-4a40-8343-dee3a2188cf0', '67d254c1-1532-4cf4-8d4f-55ef8fe12717', 'SE4567890123', 'PLUSGIRO', '2025-06-12 12:50:01', 129.00, 'Test transaction 30', 'Note 30', 'OCR00130'),
                                                                                                                                                  ('00000000-0000-0000-0000-000000001100', 'c1b35a93-9671-43c1-a0fe-aa4c2e9d2aec', '3587b71d-5845-4ba3-b667-e556bdf845be', 'SE2345678901', 'INTERNAL_TRANSFER', '2025-06-12 17:20:01', 199.00, 'Test transaction 100', 'Note 100', 'OCR00200');


-- Scheduled Transactions
INSERT INTO scheduled_transactions (id, from_account_id, to_account_id, recipient_number, type, amount, scheduled_date, status, created_at, ocr_number, user_note, description) VALUES
                                                                                                                                                                                    ('69ca9a09-804d-4c67-9227-ea23569d4a31', 'c1b35a93-9671-43c1-a0fe-aa4c2e9d2aec', '3587b71d-5845-4ba3-b667-e556bdf845be', 'SE2345678901', 'INTERNAL_TRANSFER', 1000.00, '2025-06-19 08:00:00', 'PENDING', '2025-06-12 08:42:57', 'OCRS00001', 'Monthly transfer', 'Scheduled transfer'),
                                                                                                                                                                                    ('0e683c21-5ed5-4498-b7d4-a9d4e432be02', '3587b71d-5845-4ba3-b667-e556bdf845be', '7915a5bd-ddcc-4a40-8343-dee3a2188cf0', 'SE3456789012', 'BANKGIRO', 500.00, '2025-06-20 15:00:00', 'PENDING', '2025-06-12 09:00:00', 'OCRS00002', 'Rent payment', 'Monthly rent'),
                                                                                                                                                                                    ('4df15be9-12a2-4ee3-8f5c-c11dee6bae57', '7915a5bd-ddcc-4a40-8343-dee3a2188cf0', '67d254c1-1532-4cf4-8d4f-55ef8fe12717', 'SE4567890123', 'PLUSGIRO', 750.00, '2025-06-21 12:00:00', 'PENDING', '2025-06-12 10:00:00', 'OCRS00003', 'Utility bill', 'Monthly utilities');
